"Timestamp","ID:","<set001>
<level>L2</level>
<topic>6FT</topic>


작년 일본에 여행을 했어요.
교도 에 유면한 철을 보고 싶으니까 일본에 갔어요.
일본은 봄에 제일 아름다울 것 같아서 사월 갔어요.
같이 간 사람들이 많이 즐거웠어요.
생각한 것이나 배운 것이 많다고 했어요.
사실 교도에 다녀온 곳하고 본 것 많이 있어요.
사진이 찍고 책을 샀어요.
그 여행이 너무 즐거운지만 교통편 조금 밀려요.
그러지만 일본이 좋게 기역해요.
시간이 있으면 다시 가고 싶어요.  [표현: 문법의 정확성]","<set001>
<level>L2</level>
<topic>6FT</topic>


작년 일본에 여행을 했어요.
교도 에 유면한 철을 보고 싶으니까 일본에 갔어요.
일본은 봄에 제일 아름다울 것 같아서 사월 갔어요.
같이 간 사람들이 많이 즐거웠어요.
생각한 것이나 배운 것이 많다고 했어요.
사실 교도에 다녀온 곳하고 본 것 많이 있어요.
사진이 찍고 책을 샀어요.
그 여행이 너무 즐거운지만 교통편 조금 밀려요.
그러지만 일본이 좋게 기역해요.
시간이 있으면 다시 가고 싶어요.  [표현: 단어 사용의 적절성]","<set001>
<level>L2</level>
<topic>6FT</topic>


작년 일본에 여행을 했어요.
교도 에 유면한 철을 보고 싶으니까 일본에 갔어요.
일본은 봄에 제일 아름다울 것 같아서 사월 갔어요.
같이 간 사람들이 많이 즐거웠어요.
생각한 것이나 배운 것이 많다고 했어요.
사실 교도에 다녀온 곳하고 본 것 많이 있어요.
사진이 찍고 책을 샀어요.
그 여행이 너무 즐거운지만 교통편 조금 밀려요.
그러지만 일본이 좋게 기역해요.
시간이 있으면 다시 가고 싶어요.  [표현: 문장 표현의 탄력성]","<set001>
<level>L2</level>
<topic>6FT</topic>


작년 일본에 여행을 했어요.
교도 에 유면한 철을 보고 싶으니까 일본에 갔어요.
일본은 봄에 제일 아름다울 것 같아서 사월 갔어요.
같이 간 사람들이 많이 즐거웠어요.
생각한 것이나 배운 것이 많다고 했어요.
사실 교도에 다녀온 곳하고 본 것 많이 있어요.
사진이 찍고 책을 샀어요.
그 여행이 너무 즐거운지만 교통편 조금 밀려요.
그러지만 일본이 좋게 기역해요.
시간이 있으면 다시 가고 싶어요.  [구성: 문단 내 구조의 적절성]","<set001>
<level>L2</level>
<topic>6FT</topic>


작년 일본에 여행을 했어요.
교도 에 유면한 철을 보고 싶으니까 일본에 갔어요.
일본은 봄에 제일 아름다울 것 같아서 사월 갔어요.
같이 간 사람들이 많이 즐거웠어요.
생각한 것이나 배운 것이 많다고 했어요.
사실 교도에 다녀온 곳하고 본 것 많이 있어요.
사진이 찍고 책을 샀어요.
그 여행이 너무 즐거운지만 교통편 조금 밀려요.
그러지만 일본이 좋게 기역해요.
시간이 있으면 다시 가고 싶어요.  [구성: 문단 간 구조의 적절성 ]","<set001>
<level>L2</level>
<topic>6FT</topic>


작년 일본에 여행을 했어요.
교도 에 유면한 철을 보고 싶으니까 일본에 갔어요.
일본은 봄에 제일 아름다울 것 같아서 사월 갔어요.
같이 간 사람들이 많이 즐거웠어요.
생각한 것이나 배운 것이 많다고 했어요.
사실 교도에 다녀온 곳하고 본 것 많이 있어요.
사진이 찍고 책을 샀어요.
그 여행이 너무 즐거운지만 교통편 조금 밀려요.
그러지만 일본이 좋게 기역해요.
시간이 있으면 다시 가고 싶어요.  [구성: 구조의 일관성]","<set001>
<level>L2</level>
<topic>6FT</topic>


작년 일본에 여행을 했어요.
교도 에 유면한 철을 보고 싶으니까 일본에 갔어요.
일본은 봄에 제일 아름다울 것 같아서 사월 갔어요.
같이 간 사람들이 많이 즐거웠어요.
생각한 것이나 배운 것이 많다고 했어요.
사실 교도에 다녀온 곳하고 본 것 많이 있어요.
사진이 찍고 책을 샀어요.
그 여행이 너무 즐거운지만 교통편 조금 밀려요.
그러지만 일본이 좋게 기역해요.
시간이 있으면 다시 가고 싶어요.  [구성: 분량의 적절성]","<set001>
<level>L2</level>
<topic>6FT</topic>


작년 일본에 여행을 했어요.
교도 에 유면한 철을 보고 싶으니까 일본에 갔어요.
일본은 봄에 제일 아름다울 것 같아서 사월 갔어요.
같이 간 사람들이 많이 즐거웠어요.
생각한 것이나 배운 것이 많다고 했어요.
사실 교도에 다녀온 곳하고 본 것 많이 있어요.
사진이 찍고 책을 샀어요.
그 여행이 너무 즐거운지만 교통편 조금 밀려요.
그러지만 일본이 좋게 기역해요.
시간이 있으면 다시 가고 싶어요.  [내용: 주제의 명료성 ]","<set001>
<level>L2</level>
<topic>6FT</topic>


작년 일본에 여행을 했어요.
교도 에 유면한 철을 보고 싶으니까 일본에 갔어요.
일본은 봄에 제일 아름다울 것 같아서 사월 갔어요.
같이 간 사람들이 많이 즐거웠어요.
생각한 것이나 배운 것이 많다고 했어요.
사실 교도에 다녀온 곳하고 본 것 많이 있어요.
사진이 찍고 책을 샀어요.
그 여행이 너무 즐거운지만 교통편 조금 밀려요.
그러지만 일본이 좋게 기역해요.
시간이 있으면 다시 가고 싶어요.  [내용: 설명의 구체성]","<set001>
<level>L2</level>
<topic>6FT</topic>


작년 일본에 여행을 했어요.
교도 에 유면한 철을 보고 싶으니까 일본에 갔어요.
일본은 봄에 제일 아름다울 것 같아서 사월 갔어요.
같이 간 사람들이 많이 즐거웠어요.
생각한 것이나 배운 것이 많다고 했어요.
사실 교도에 다녀온 곳하고 본 것 많이 있어요.
사진이 찍고 책을 샀어요.
그 여행이 너무 즐거운지만 교통편 조금 밀려요.
그러지만 일본이 좋게 기역해요.
시간이 있으면 다시 가고 싶어요.  [내용: 사고의 창의성]","<set002>
<level>L1</level>
<topic>4</topic>

이 사진은 우리 딸 영희입니다.
영희는 눈이 큽니다.
텔레비전 보기를 좋아하니까
다섯 달 전에 영희는 한 살이었습닏.
돌 파티를 신촌에서 축하 했습니다.
식당에 백이십 명이 왔습니다.
내 동생도 영국에서 왔습니다.
부페 음식이 맛이있었지만 저는 먹지 않았습니다.
영희는 많이 먹고 맥주를 촘 마셨습니다.
 [표현: 문법의 정확성]","<set002>
<level>L1</level>
<topic>4</topic>

이 사진은 우리 딸 영희입니다.
영희는 눈이 큽니다.
텔레비전 보기를 좋아하니까
다섯 달 전에 영희는 한 살이었습닏.
돌 파티를 신촌에서 축하 했습니다.
식당에 백이십 명이 왔습니다.
내 동생도 영국에서 왔습니다.
부페 음식이 맛이있었지만 저는 먹지 않았습니다.
영희는 많이 먹고 맥주를 촘 마셨습니다.
 [표현: 단어 사용의 적절성]","<set002>
<level>L1</level>
<topic>4</topic>

이 사진은 우리 딸 영희입니다.
영희는 눈이 큽니다.
텔레비전 보기를 좋아하니까
다섯 달 전에 영희는 한 살이었습닏.
돌 파티를 신촌에서 축하 했습니다.
식당에 백이십 명이 왔습니다.
내 동생도 영국에서 왔습니다.
부페 음식이 맛이있었지만 저는 먹지 않았습니다.
영희는 많이 먹고 맥주를 촘 마셨습니다.
 [표현: 문장 표현의 탄력성]","<set002>
<level>L1</level>
<topic>4</topic>

이 사진은 우리 딸 영희입니다.
영희는 눈이 큽니다.
텔레비전 보기를 좋아하니까
다섯 달 전에 영희는 한 살이었습닏.
돌 파티를 신촌에서 축하 했습니다.
식당에 백이십 명이 왔습니다.
내 동생도 영국에서 왔습니다.
부페 음식이 맛이있었지만 저는 먹지 않았습니다.
영희는 많이 먹고 맥주를 촘 마셨습니다.
 [구성: 문단 내 구조의 적절성]","<set002>
<level>L1</level>
<topic>4</topic>

이 사진은 우리 딸 영희입니다.
영희는 눈이 큽니다.
텔레비전 보기를 좋아하니까
다섯 달 전에 영희는 한 살이었습닏.
돌 파티를 신촌에서 축하 했습니다.
식당에 백이십 명이 왔습니다.
내 동생도 영국에서 왔습니다.
부페 음식이 맛이있었지만 저는 먹지 않았습니다.
영희는 많이 먹고 맥주를 촘 마셨습니다.
 [구성: 문단 간 구조의 적절성 ]","<set002>
<level>L1</level>
<topic>4</topic>

이 사진은 우리 딸 영희입니다.
영희는 눈이 큽니다.
텔레비전 보기를 좋아하니까
다섯 달 전에 영희는 한 살이었습닏.
돌 파티를 신촌에서 축하 했습니다.
식당에 백이십 명이 왔습니다.
내 동생도 영국에서 왔습니다.
부페 음식이 맛이있었지만 저는 먹지 않았습니다.
영희는 많이 먹고 맥주를 촘 마셨습니다.
 [구성: 구조의 일관성]","<set002>
<level>L1</level>
<topic>4</topic>

이 사진은 우리 딸 영희입니다.
영희는 눈이 큽니다.
텔레비전 보기를 좋아하니까
다섯 달 전에 영희는 한 살이었습닏.
돌 파티를 신촌에서 축하 했습니다.
식당에 백이십 명이 왔습니다.
내 동생도 영국에서 왔습니다.
부페 음식이 맛이있었지만 저는 먹지 않았습니다.
영희는 많이 먹고 맥주를 촘 마셨습니다.
 [구성: 분량의 적절성]","<set002>
<level>L1</level>
<topic>4</topic>

이 사진은 우리 딸 영희입니다.
영희는 눈이 큽니다.
텔레비전 보기를 좋아하니까
다섯 달 전에 영희는 한 살이었습닏.
돌 파티를 신촌에서 축하 했습니다.
식당에 백이십 명이 왔습니다.
내 동생도 영국에서 왔습니다.
부페 음식이 맛이있었지만 저는 먹지 않았습니다.
영희는 많이 먹고 맥주를 촘 마셨습니다.
 [내용: 주제의 명료성 ]","<set002>
<level>L1</level>
<topic>4</topic>

이 사진은 우리 딸 영희입니다.
영희는 눈이 큽니다.
텔레비전 보기를 좋아하니까
다섯 달 전에 영희는 한 살이었습닏.
돌 파티를 신촌에서 축하 했습니다.
식당에 백이십 명이 왔습니다.
내 동생도 영국에서 왔습니다.
부페 음식이 맛이있었지만 저는 먹지 않았습니다.
영희는 많이 먹고 맥주를 촘 마셨습니다.
 [내용: 설명의 구체성]","<set002>
<level>L1</level>
<topic>4</topic>

이 사진은 우리 딸 영희입니다.
영희는 눈이 큽니다.
텔레비전 보기를 좋아하니까
다섯 달 전에 영희는 한 살이었습닏.
돌 파티를 신촌에서 축하 했습니다.
식당에 백이십 명이 왔습니다.
내 동생도 영국에서 왔습니다.
부페 음식이 맛이있었지만 저는 먹지 않았습니다.
영희는 많이 먹고 맥주를 촘 마셨습니다.
 [내용: 사고의 창의성]","<set003>
<level>L1</level>
<topic>4</topic>

이 사진은 버브 대이란이 있습니다.
민속 음악가 입니다.
미국 음악 역사에서 버브 대이란이 아주 유력합니다.
많은 고급의 노래를 짓고 많은 음악가를 영감을 궜습니다.
천구백 사십 일 년에서 태어났습니다.
고향은 Duluth. MIunesota 이었습니다.
천 구백 오십 구년에서 처음으로 재주를 부렸습니다.
한 년 후에 뉴욕시에 가고 유명한이 됬습니다.
오늘 대중의 남습니다.
요사이 로큰롤 명예의 전당 인도 했습니다.
 [표현: 문법의 정확성]","<set003>
<level>L1</level>
<topic>4</topic>

이 사진은 버브 대이란이 있습니다.
민속 음악가 입니다.
미국 음악 역사에서 버브 대이란이 아주 유력합니다.
많은 고급의 노래를 짓고 많은 음악가를 영감을 궜습니다.
천구백 사십 일 년에서 태어났습니다.
고향은 Duluth. MIunesota 이었습니다.
천 구백 오십 구년에서 처음으로 재주를 부렸습니다.
한 년 후에 뉴욕시에 가고 유명한이 됬습니다.
오늘 대중의 남습니다.
요사이 로큰롤 명예의 전당 인도 했습니다.
 [표현: 단어 사용의 적절성]","<set003>
<level>L1</level>
<topic>4</topic>

이 사진은 버브 대이란이 있습니다.
민속 음악가 입니다.
미국 음악 역사에서 버브 대이란이 아주 유력합니다.
많은 고급의 노래를 짓고 많은 음악가를 영감을 궜습니다.
천구백 사십 일 년에서 태어났습니다.
고향은 Duluth. MIunesota 이었습니다.
천 구백 오십 구년에서 처음으로 재주를 부렸습니다.
한 년 후에 뉴욕시에 가고 유명한이 됬습니다.
오늘 대중의 남습니다.
요사이 로큰롤 명예의 전당 인도 했습니다.
 [표현: 문장 표현의 탄력성]","<set003>
<level>L1</level>
<topic>4</topic>

이 사진은 버브 대이란이 있습니다.
민속 음악가 입니다.
미국 음악 역사에서 버브 대이란이 아주 유력합니다.
많은 고급의 노래를 짓고 많은 음악가를 영감을 궜습니다.
천구백 사십 일 년에서 태어났습니다.
고향은 Duluth. MIunesota 이었습니다.
천 구백 오십 구년에서 처음으로 재주를 부렸습니다.
한 년 후에 뉴욕시에 가고 유명한이 됬습니다.
오늘 대중의 남습니다.
요사이 로큰롤 명예의 전당 인도 했습니다.
 [구성: 문단 내 구조의 적절성]","<set003>
<level>L1</level>
<topic>4</topic>

이 사진은 버브 대이란이 있습니다.
민속 음악가 입니다.
미국 음악 역사에서 버브 대이란이 아주 유력합니다.
많은 고급의 노래를 짓고 많은 음악가를 영감을 궜습니다.
천구백 사십 일 년에서 태어났습니다.
고향은 Duluth. MIunesota 이었습니다.
천 구백 오십 구년에서 처음으로 재주를 부렸습니다.
한 년 후에 뉴욕시에 가고 유명한이 됬습니다.
오늘 대중의 남습니다.
요사이 로큰롤 명예의 전당 인도 했습니다.
 [구성: 문단 간 구조의 적절성 ]","<set003>
<level>L1</level>
<topic>4</topic>

이 사진은 버브 대이란이 있습니다.
민속 음악가 입니다.
미국 음악 역사에서 버브 대이란이 아주 유력합니다.
많은 고급의 노래를 짓고 많은 음악가를 영감을 궜습니다.
천구백 사십 일 년에서 태어났습니다.
고향은 Duluth. MIunesota 이었습니다.
천 구백 오십 구년에서 처음으로 재주를 부렸습니다.
한 년 후에 뉴욕시에 가고 유명한이 됬습니다.
오늘 대중의 남습니다.
요사이 로큰롤 명예의 전당 인도 했습니다.
 [구성: 구조의 일관성]","<set003>
<level>L1</level>
<topic>4</topic>

이 사진은 버브 대이란이 있습니다.
민속 음악가 입니다.
미국 음악 역사에서 버브 대이란이 아주 유력합니다.
많은 고급의 노래를 짓고 많은 음악가를 영감을 궜습니다.
천구백 사십 일 년에서 태어났습니다.
고향은 Duluth. MIunesota 이었습니다.
천 구백 오십 구년에서 처음으로 재주를 부렸습니다.
한 년 후에 뉴욕시에 가고 유명한이 됬습니다.
오늘 대중의 남습니다.
요사이 로큰롤 명예의 전당 인도 했습니다.
 [구성: 분량의 적절성]","<set003>
<level>L1</level>
<topic>4</topic>

이 사진은 버브 대이란이 있습니다.
민속 음악가 입니다.
미국 음악 역사에서 버브 대이란이 아주 유력합니다.
많은 고급의 노래를 짓고 많은 음악가를 영감을 궜습니다.
천구백 사십 일 년에서 태어났습니다.
고향은 Duluth. MIunesota 이었습니다.
천 구백 오십 구년에서 처음으로 재주를 부렸습니다.
한 년 후에 뉴욕시에 가고 유명한이 됬습니다.
오늘 대중의 남습니다.
요사이 로큰롤 명예의 전당 인도 했습니다.
 [내용: 주제의 명료성 ]","<set003>
<level>L1</level>
<topic>4</topic>

이 사진은 버브 대이란이 있습니다.
민속 음악가 입니다.
미국 음악 역사에서 버브 대이란이 아주 유력합니다.
많은 고급의 노래를 짓고 많은 음악가를 영감을 궜습니다.
천구백 사십 일 년에서 태어났습니다.
고향은 Duluth. MIunesota 이었습니다.
천 구백 오십 구년에서 처음으로 재주를 부렸습니다.
한 년 후에 뉴욕시에 가고 유명한이 됬습니다.
오늘 대중의 남습니다.
요사이 로큰롤 명예의 전당 인도 했습니다.
 [내용: 설명의 구체성]","<set003>
<level>L1</level>
<topic>4</topic>

이 사진은 버브 대이란이 있습니다.
민속 음악가 입니다.
미국 음악 역사에서 버브 대이란이 아주 유력합니다.
많은 고급의 노래를 짓고 많은 음악가를 영감을 궜습니다.
천구백 사십 일 년에서 태어났습니다.
고향은 Duluth. MIunesota 이었습니다.
천 구백 오십 구년에서 처음으로 재주를 부렸습니다.
한 년 후에 뉴욕시에 가고 유명한이 됬습니다.
오늘 대중의 남습니다.
요사이 로큰롤 명예의 전당 인도 했습니다.
 [내용: 사고의 창의성]","<set004>
<level>L1</level>
<topic>4</topic>

이 사람은 여자 친구입니다.
친구도 있습니다.
여자 친구가 이름은 나영입니다.
여자 친구가 오른쪽에 있습니다.
미선 윈쪽 있습니다.
가스주에서 나영이 일합니다.
대학을 졸업합니다.
저분한태 사랑합니다.
나영씨는 나로 하글말을 말하고 싶습니다.
우리가 결혼하고 싶습니다.
우리가 안양시에 삽니다.
 [표현: 문법의 정확성]","<set004>
<level>L1</level>
<topic>4</topic>

이 사람은 여자 친구입니다.
친구도 있습니다.
여자 친구가 이름은 나영입니다.
여자 친구가 오른쪽에 있습니다.
미선 윈쪽 있습니다.
가스주에서 나영이 일합니다.
대학을 졸업합니다.
저분한태 사랑합니다.
나영씨는 나로 하글말을 말하고 싶습니다.
우리가 결혼하고 싶습니다.
우리가 안양시에 삽니다.
 [표현: 단어 사용의 적절성]","<set004>
<level>L1</level>
<topic>4</topic>

이 사람은 여자 친구입니다.
친구도 있습니다.
여자 친구가 이름은 나영입니다.
여자 친구가 오른쪽에 있습니다.
미선 윈쪽 있습니다.
가스주에서 나영이 일합니다.
대학을 졸업합니다.
저분한태 사랑합니다.
나영씨는 나로 하글말을 말하고 싶습니다.
우리가 결혼하고 싶습니다.
우리가 안양시에 삽니다.
 [표현: 문장 표현의 탄력성]","<set004>
<level>L1</level>
<topic>4</topic>

이 사람은 여자 친구입니다.
친구도 있습니다.
여자 친구가 이름은 나영입니다.
여자 친구가 오른쪽에 있습니다.
미선 윈쪽 있습니다.
가스주에서 나영이 일합니다.
대학을 졸업합니다.
저분한태 사랑합니다.
나영씨는 나로 하글말을 말하고 싶습니다.
우리가 결혼하고 싶습니다.
우리가 안양시에 삽니다.
 [구성: 문단 내 구조의 적절성]","<set004>
<level>L1</level>
<topic>4</topic>

이 사람은 여자 친구입니다.
친구도 있습니다.
여자 친구가 이름은 나영입니다.
여자 친구가 오른쪽에 있습니다.
미선 윈쪽 있습니다.
가스주에서 나영이 일합니다.
대학을 졸업합니다.
저분한태 사랑합니다.
나영씨는 나로 하글말을 말하고 싶습니다.
우리가 결혼하고 싶습니다.
우리가 안양시에 삽니다.
 [구성: 문단 간 구조의 적절성 ]","<set004>
<level>L1</level>
<topic>4</topic>

이 사람은 여자 친구입니다.
친구도 있습니다.
여자 친구가 이름은 나영입니다.
여자 친구가 오른쪽에 있습니다.
미선 윈쪽 있습니다.
가스주에서 나영이 일합니다.
대학을 졸업합니다.
저분한태 사랑합니다.
나영씨는 나로 하글말을 말하고 싶습니다.
우리가 결혼하고 싶습니다.
우리가 안양시에 삽니다.
 [구성: 구조의 일관성]","<set004>
<level>L1</level>
<topic>4</topic>

이 사람은 여자 친구입니다.
친구도 있습니다.
여자 친구가 이름은 나영입니다.
여자 친구가 오른쪽에 있습니다.
미선 윈쪽 있습니다.
가스주에서 나영이 일합니다.
대학을 졸업합니다.
저분한태 사랑합니다.
나영씨는 나로 하글말을 말하고 싶습니다.
우리가 결혼하고 싶습니다.
우리가 안양시에 삽니다.
 [구성: 분량의 적절성]","<set004>
<level>L1</level>
<topic>4</topic>

이 사람은 여자 친구입니다.
친구도 있습니다.
여자 친구가 이름은 나영입니다.
여자 친구가 오른쪽에 있습니다.
미선 윈쪽 있습니다.
가스주에서 나영이 일합니다.
대학을 졸업합니다.
저분한태 사랑합니다.
나영씨는 나로 하글말을 말하고 싶습니다.
우리가 결혼하고 싶습니다.
우리가 안양시에 삽니다.
 [내용: 주제의 명료성 ]","<set004>
<level>L1</level>
<topic>4</topic>

이 사람은 여자 친구입니다.
친구도 있습니다.
여자 친구가 이름은 나영입니다.
여자 친구가 오른쪽에 있습니다.
미선 윈쪽 있습니다.
가스주에서 나영이 일합니다.
대학을 졸업합니다.
저분한태 사랑합니다.
나영씨는 나로 하글말을 말하고 싶습니다.
우리가 결혼하고 싶습니다.
우리가 안양시에 삽니다.
 [내용: 설명의 구체성]","<set004>
<level>L1</level>
<topic>4</topic>

이 사람은 여자 친구입니다.
친구도 있습니다.
여자 친구가 이름은 나영입니다.
여자 친구가 오른쪽에 있습니다.
미선 윈쪽 있습니다.
가스주에서 나영이 일합니다.
대학을 졸업합니다.
저분한태 사랑합니다.
나영씨는 나로 하글말을 말하고 싶습니다.
우리가 결혼하고 싶습니다.
우리가 안양시에 삽니다.
 [내용: 사고의 창의성]","<set005>
<level>L1</level>
<topic>4</topic>

목요일이었습니다.
시드니 공항에서 제 가족과 같이 비행기를 기다렸습니다.
그날에 우리는 한국으로 출발했습니다.
제 딸이 포타 앞에 있습니다.
저하고 우리 남편이 FOTO 둬에 있습니다.
저녁 열시에 우리 비행기를 출발했습니다.
시드니에서 서울까지 아홉시간 걸립었습니다.
우리는 인천에서 아침 여덜시어 도착했습니다.
우리 남편 여동생을 만났습니다.
서울로 자동차캈습니다.
서울에서 아침을 울 같이 아짐을 먹고 커피를 마셨습니다.
우리는 배가 고펐습니다.
비행기 음식이 안 막였습니다.
 [표현: 문법의 정확성]","<set005>
<level>L1</level>
<topic>4</topic>

목요일이었습니다.
시드니 공항에서 제 가족과 같이 비행기를 기다렸습니다.
그날에 우리는 한국으로 출발했습니다.
제 딸이 포타 앞에 있습니다.
저하고 우리 남편이 FOTO 둬에 있습니다.
저녁 열시에 우리 비행기를 출발했습니다.
시드니에서 서울까지 아홉시간 걸립었습니다.
우리는 인천에서 아침 여덜시어 도착했습니다.
우리 남편 여동생을 만났습니다.
서울로 자동차캈습니다.
서울에서 아침을 울 같이 아짐을 먹고 커피를 마셨습니다.
우리는 배가 고펐습니다.
비행기 음식이 안 막였습니다.
 [표현: 단어 사용의 적절성]","<set005>
<level>L1</level>
<topic>4</topic>

목요일이었습니다.
시드니 공항에서 제 가족과 같이 비행기를 기다렸습니다.
그날에 우리는 한국으로 출발했습니다.
제 딸이 포타 앞에 있습니다.
저하고 우리 남편이 FOTO 둬에 있습니다.
저녁 열시에 우리 비행기를 출발했습니다.
시드니에서 서울까지 아홉시간 걸립었습니다.
우리는 인천에서 아침 여덜시어 도착했습니다.
우리 남편 여동생을 만났습니다.
서울로 자동차캈습니다.
서울에서 아침을 울 같이 아짐을 먹고 커피를 마셨습니다.
우리는 배가 고펐습니다.
비행기 음식이 안 막였습니다.
 [표현: 문장 표현의 탄력성]","<set005>
<level>L1</level>
<topic>4</topic>

목요일이었습니다.
시드니 공항에서 제 가족과 같이 비행기를 기다렸습니다.
그날에 우리는 한국으로 출발했습니다.
제 딸이 포타 앞에 있습니다.
저하고 우리 남편이 FOTO 둬에 있습니다.
저녁 열시에 우리 비행기를 출발했습니다.
시드니에서 서울까지 아홉시간 걸립었습니다.
우리는 인천에서 아침 여덜시어 도착했습니다.
우리 남편 여동생을 만났습니다.
서울로 자동차캈습니다.
서울에서 아침을 울 같이 아짐을 먹고 커피를 마셨습니다.
우리는 배가 고펐습니다.
비행기 음식이 안 막였습니다.
 [구성: 문단 내 구조의 적절성]","<set005>
<level>L1</level>
<topic>4</topic>

목요일이었습니다.
시드니 공항에서 제 가족과 같이 비행기를 기다렸습니다.
그날에 우리는 한국으로 출발했습니다.
제 딸이 포타 앞에 있습니다.
저하고 우리 남편이 FOTO 둬에 있습니다.
저녁 열시에 우리 비행기를 출발했습니다.
시드니에서 서울까지 아홉시간 걸립었습니다.
우리는 인천에서 아침 여덜시어 도착했습니다.
우리 남편 여동생을 만났습니다.
서울로 자동차캈습니다.
서울에서 아침을 울 같이 아짐을 먹고 커피를 마셨습니다.
우리는 배가 고펐습니다.
비행기 음식이 안 막였습니다.
 [구성: 문단 간 구조의 적절성 ]","<set005>
<level>L1</level>
<topic>4</topic>

목요일이었습니다.
시드니 공항에서 제 가족과 같이 비행기를 기다렸습니다.
그날에 우리는 한국으로 출발했습니다.
제 딸이 포타 앞에 있습니다.
저하고 우리 남편이 FOTO 둬에 있습니다.
저녁 열시에 우리 비행기를 출발했습니다.
시드니에서 서울까지 아홉시간 걸립었습니다.
우리는 인천에서 아침 여덜시어 도착했습니다.
우리 남편 여동생을 만났습니다.
서울로 자동차캈습니다.
서울에서 아침을 울 같이 아짐을 먹고 커피를 마셨습니다.
우리는 배가 고펐습니다.
비행기 음식이 안 막였습니다.
 [구성: 구조의 일관성]","<set005>
<level>L1</level>
<topic>4</topic>

목요일이었습니다.
시드니 공항에서 제 가족과 같이 비행기를 기다렸습니다.
그날에 우리는 한국으로 출발했습니다.
제 딸이 포타 앞에 있습니다.
저하고 우리 남편이 FOTO 둬에 있습니다.
저녁 열시에 우리 비행기를 출발했습니다.
시드니에서 서울까지 아홉시간 걸립었습니다.
우리는 인천에서 아침 여덜시어 도착했습니다.
우리 남편 여동생을 만났습니다.
서울로 자동차캈습니다.
서울에서 아침을 울 같이 아짐을 먹고 커피를 마셨습니다.
우리는 배가 고펐습니다.
비행기 음식이 안 막였습니다.
 [구성: 분량의 적절성]","<set005>
<level>L1</level>
<topic>4</topic>

목요일이었습니다.
시드니 공항에서 제 가족과 같이 비행기를 기다렸습니다.
그날에 우리는 한국으로 출발했습니다.
제 딸이 포타 앞에 있습니다.
저하고 우리 남편이 FOTO 둬에 있습니다.
저녁 열시에 우리 비행기를 출발했습니다.
시드니에서 서울까지 아홉시간 걸립었습니다.
우리는 인천에서 아침 여덜시어 도착했습니다.
우리 남편 여동생을 만났습니다.
서울로 자동차캈습니다.
서울에서 아침을 울 같이 아짐을 먹고 커피를 마셨습니다.
우리는 배가 고펐습니다.
비행기 음식이 안 막였습니다.
 [내용: 주제의 명료성 ]","<set005>
<level>L1</level>
<topic>4</topic>

목요일이었습니다.
시드니 공항에서 제 가족과 같이 비행기를 기다렸습니다.
그날에 우리는 한국으로 출발했습니다.
제 딸이 포타 앞에 있습니다.
저하고 우리 남편이 FOTO 둬에 있습니다.
저녁 열시에 우리 비행기를 출발했습니다.
시드니에서 서울까지 아홉시간 걸립었습니다.
우리는 인천에서 아침 여덜시어 도착했습니다.
우리 남편 여동생을 만났습니다.
서울로 자동차캈습니다.
서울에서 아침을 울 같이 아짐을 먹고 커피를 마셨습니다.
우리는 배가 고펐습니다.
비행기 음식이 안 막였습니다.
 [내용: 설명의 구체성]","<set005>
<level>L1</level>
<topic>4</topic>

목요일이었습니다.
시드니 공항에서 제 가족과 같이 비행기를 기다렸습니다.
그날에 우리는 한국으로 출발했습니다.
제 딸이 포타 앞에 있습니다.
저하고 우리 남편이 FOTO 둬에 있습니다.
저녁 열시에 우리 비행기를 출발했습니다.
시드니에서 서울까지 아홉시간 걸립었습니다.
우리는 인천에서 아침 여덜시어 도착했습니다.
우리 남편 여동생을 만났습니다.
서울로 자동차캈습니다.
서울에서 아침을 울 같이 아짐을 먹고 커피를 마셨습니다.
우리는 배가 고펐습니다.
비행기 음식이 안 막였습니다.
 [내용: 사고의 창의성]","<set006>
<level>L2</level>

삼년전에 가족들 과 같이 외국 여행을 했습니다.
외국은 한국 입니다. 제가 본 첫번쩨 외국 입니다.
여행을 하는 동안 택시를 타고 있었습니다. 아주 편했습니다.
광화문이나여러가지 구경을 했습니다.
삼박사일 한국에서 생활을 했습니다.
남대문 시장에 갔을 때 사람이 많아서 널랐습니다.
한국사람들이 즐겁게 말하는것이 봐서 뭘 말하는지 알고싶었습니다.
그러서 한국말을 배우싶어했습니다.
 [표현: 문법의 정확성]","<set006>
<level>L2</level>

삼년전에 가족들 과 같이 외국 여행을 했습니다.
외국은 한국 입니다. 제가 본 첫번쩨 외국 입니다.
여행을 하는 동안 택시를 타고 있었습니다. 아주 편했습니다.
광화문이나여러가지 구경을 했습니다.
삼박사일 한국에서 생활을 했습니다.
남대문 시장에 갔을 때 사람이 많아서 널랐습니다.
한국사람들이 즐겁게 말하는것이 봐서 뭘 말하는지 알고싶었습니다.
그러서 한국말을 배우싶어했습니다.
 [표현: 단어 사용의 적절성]","<set006>
<level>L2</level>

삼년전에 가족들 과 같이 외국 여행을 했습니다.
외국은 한국 입니다. 제가 본 첫번쩨 외국 입니다.
여행을 하는 동안 택시를 타고 있었습니다. 아주 편했습니다.
광화문이나여러가지 구경을 했습니다.
삼박사일 한국에서 생활을 했습니다.
남대문 시장에 갔을 때 사람이 많아서 널랐습니다.
한국사람들이 즐겁게 말하는것이 봐서 뭘 말하는지 알고싶었습니다.
그러서 한국말을 배우싶어했습니다.
 [표현: 문장 표현의 탄력성]","<set006>
<level>L2</level>

삼년전에 가족들 과 같이 외국 여행을 했습니다.
외국은 한국 입니다. 제가 본 첫번쩨 외국 입니다.
여행을 하는 동안 택시를 타고 있었습니다. 아주 편했습니다.
광화문이나여러가지 구경을 했습니다.
삼박사일 한국에서 생활을 했습니다.
남대문 시장에 갔을 때 사람이 많아서 널랐습니다.
한국사람들이 즐겁게 말하는것이 봐서 뭘 말하는지 알고싶었습니다.
그러서 한국말을 배우싶어했습니다.
 [구성: 문단 내 구조의 적절성]","<set006>
<level>L2</level>

삼년전에 가족들 과 같이 외국 여행을 했습니다.
외국은 한국 입니다. 제가 본 첫번쩨 외국 입니다.
여행을 하는 동안 택시를 타고 있었습니다. 아주 편했습니다.
광화문이나여러가지 구경을 했습니다.
삼박사일 한국에서 생활을 했습니다.
남대문 시장에 갔을 때 사람이 많아서 널랐습니다.
한국사람들이 즐겁게 말하는것이 봐서 뭘 말하는지 알고싶었습니다.
그러서 한국말을 배우싶어했습니다.
 [구성: 문단 간 구조의 적절성 ]","<set006>
<level>L2</level>

삼년전에 가족들 과 같이 외국 여행을 했습니다.
외국은 한국 입니다. 제가 본 첫번쩨 외국 입니다.
여행을 하는 동안 택시를 타고 있었습니다. 아주 편했습니다.
광화문이나여러가지 구경을 했습니다.
삼박사일 한국에서 생활을 했습니다.
남대문 시장에 갔을 때 사람이 많아서 널랐습니다.
한국사람들이 즐겁게 말하는것이 봐서 뭘 말하는지 알고싶었습니다.
그러서 한국말을 배우싶어했습니다.
 [구성: 구조의 일관성]","<set006>
<level>L2</level>

삼년전에 가족들 과 같이 외국 여행을 했습니다.
외국은 한국 입니다. 제가 본 첫번쩨 외국 입니다.
여행을 하는 동안 택시를 타고 있었습니다. 아주 편했습니다.
광화문이나여러가지 구경을 했습니다.
삼박사일 한국에서 생활을 했습니다.
남대문 시장에 갔을 때 사람이 많아서 널랐습니다.
한국사람들이 즐겁게 말하는것이 봐서 뭘 말하는지 알고싶었습니다.
그러서 한국말을 배우싶어했습니다.
 [구성: 분량의 적절성]","<set006>
<level>L2</level>

삼년전에 가족들 과 같이 외국 여행을 했습니다.
외국은 한국 입니다. 제가 본 첫번쩨 외국 입니다.
여행을 하는 동안 택시를 타고 있었습니다. 아주 편했습니다.
광화문이나여러가지 구경을 했습니다.
삼박사일 한국에서 생활을 했습니다.
남대문 시장에 갔을 때 사람이 많아서 널랐습니다.
한국사람들이 즐겁게 말하는것이 봐서 뭘 말하는지 알고싶었습니다.
그러서 한국말을 배우싶어했습니다.
 [내용: 주제의 명료성 ]","<set006>
<level>L2</level>

삼년전에 가족들 과 같이 외국 여행을 했습니다.
외국은 한국 입니다. 제가 본 첫번쩨 외국 입니다.
여행을 하는 동안 택시를 타고 있었습니다. 아주 편했습니다.
광화문이나여러가지 구경을 했습니다.
삼박사일 한국에서 생활을 했습니다.
남대문 시장에 갔을 때 사람이 많아서 널랐습니다.
한국사람들이 즐겁게 말하는것이 봐서 뭘 말하는지 알고싶었습니다.
그러서 한국말을 배우싶어했습니다.
 [내용: 설명의 구체성]","<set006>
<level>L2</level>

삼년전에 가족들 과 같이 외국 여행을 했습니다.
외국은 한국 입니다. 제가 본 첫번쩨 외국 입니다.
여행을 하는 동안 택시를 타고 있었습니다. 아주 편했습니다.
광화문이나여러가지 구경을 했습니다.
삼박사일 한국에서 생활을 했습니다.
남대문 시장에 갔을 때 사람이 많아서 널랐습니다.
한국사람들이 즐겁게 말하는것이 봐서 뭘 말하는지 알고싶었습니다.
그러서 한국말을 배우싶어했습니다.
 [내용: 사고의 창의성]","<set007>
<level>L1</level>
<topic>4</topic>

삼월 팔입입니다.
저는 살어 있는 동내입니다.
한국에 오기 천에 이 사진을 찍었습니다.
좋은 친구입니다.
이름이 철수, 영철, 유미와 미선 있습니다.
우리는 미국사람입니다.
우리는 식다에 일합니다.
철수는 날마다 행복합니다.
유미는 똑똑합니다.
미서는 친절합니다.
 [표현: 문법의 정확성]","<set007>
<level>L1</level>
<topic>4</topic>

삼월 팔입입니다.
저는 살어 있는 동내입니다.
한국에 오기 천에 이 사진을 찍었습니다.
좋은 친구입니다.
이름이 철수, 영철, 유미와 미선 있습니다.
우리는 미국사람입니다.
우리는 식다에 일합니다.
철수는 날마다 행복합니다.
유미는 똑똑합니다.
미서는 친절합니다.
 [표현: 단어 사용의 적절성]","<set007>
<level>L1</level>
<topic>4</topic>

삼월 팔입입니다.
저는 살어 있는 동내입니다.
한국에 오기 천에 이 사진을 찍었습니다.
좋은 친구입니다.
이름이 철수, 영철, 유미와 미선 있습니다.
우리는 미국사람입니다.
우리는 식다에 일합니다.
철수는 날마다 행복합니다.
유미는 똑똑합니다.
미서는 친절합니다.
 [표현: 문장 표현의 탄력성]","<set007>
<level>L1</level>
<topic>4</topic>

삼월 팔입입니다.
저는 살어 있는 동내입니다.
한국에 오기 천에 이 사진을 찍었습니다.
좋은 친구입니다.
이름이 철수, 영철, 유미와 미선 있습니다.
우리는 미국사람입니다.
우리는 식다에 일합니다.
철수는 날마다 행복합니다.
유미는 똑똑합니다.
미서는 친절합니다.
 [구성: 문단 내 구조의 적절성]","<set007>
<level>L1</level>
<topic>4</topic>

삼월 팔입입니다.
저는 살어 있는 동내입니다.
한국에 오기 천에 이 사진을 찍었습니다.
좋은 친구입니다.
이름이 철수, 영철, 유미와 미선 있습니다.
우리는 미국사람입니다.
우리는 식다에 일합니다.
철수는 날마다 행복합니다.
유미는 똑똑합니다.
미서는 친절합니다.
 [구성: 문단 간 구조의 적절성 ]","<set007>
<level>L1</level>
<topic>4</topic>

삼월 팔입입니다.
저는 살어 있는 동내입니다.
한국에 오기 천에 이 사진을 찍었습니다.
좋은 친구입니다.
이름이 철수, 영철, 유미와 미선 있습니다.
우리는 미국사람입니다.
우리는 식다에 일합니다.
철수는 날마다 행복합니다.
유미는 똑똑합니다.
미서는 친절합니다.
 [구성: 구조의 일관성]","<set007>
<level>L1</level>
<topic>4</topic>

삼월 팔입입니다.
저는 살어 있는 동내입니다.
한국에 오기 천에 이 사진을 찍었습니다.
좋은 친구입니다.
이름이 철수, 영철, 유미와 미선 있습니다.
우리는 미국사람입니다.
우리는 식다에 일합니다.
철수는 날마다 행복합니다.
유미는 똑똑합니다.
미서는 친절합니다.
 [구성: 분량의 적절성]","<set007>
<level>L1</level>
<topic>4</topic>

삼월 팔입입니다.
저는 살어 있는 동내입니다.
한국에 오기 천에 이 사진을 찍었습니다.
좋은 친구입니다.
이름이 철수, 영철, 유미와 미선 있습니다.
우리는 미국사람입니다.
우리는 식다에 일합니다.
철수는 날마다 행복합니다.
유미는 똑똑합니다.
미서는 친절합니다.
 [내용: 주제의 명료성 ]","<set007>
<level>L1</level>
<topic>4</topic>

삼월 팔입입니다.
저는 살어 있는 동내입니다.
한국에 오기 천에 이 사진을 찍었습니다.
좋은 친구입니다.
이름이 철수, 영철, 유미와 미선 있습니다.
우리는 미국사람입니다.
우리는 식다에 일합니다.
철수는 날마다 행복합니다.
유미는 똑똑합니다.
미서는 친절합니다.
 [내용: 설명의 구체성]","<set007>
<level>L1</level>
<topic>4</topic>

삼월 팔입입니다.
저는 살어 있는 동내입니다.
한국에 오기 천에 이 사진을 찍었습니다.
좋은 친구입니다.
이름이 철수, 영철, 유미와 미선 있습니다.
우리는 미국사람입니다.
우리는 식다에 일합니다.
철수는 날마다 행복합니다.
유미는 똑똑합니다.
미서는 친절합니다.
 [내용: 사고의 창의성]","<set008>
<level>L2</level>
<topic>4</topic>

나영씨 안녕하습니까? 
저는 1년 전에 서울 살았습니다. 
여기가 생활을 재미있습니다. 
요즘 생활을 독일에서 어떻게 있습니까? 
영희씨와 만났습니까? 
대학교에서 일이 어렵습니까? 
당진한테 자주 생각합니다. 
유월에서 만하님으로 가려고 합니다. 
아마 고기가 만날까요? 
서울에 회사에 일이 힘드웁니다. 
날마다 나쁜은 사람 약속에 말 하지만 돈이 많이 법니다. 
우리 집을 좋아합니다. 
33평 있습니다. 
그리고 2개 목욕탕이 있습니다. 
옆집 사람이 행복한 가족이 있습니다. 
시간이 있으면 전화 할까요? 
그럼 이만 쓸게요. 
건강하세요. 
 [표현: 문법의 정확성]","<set008>
<level>L2</level>
<topic>4</topic>

나영씨 안녕하습니까? 
저는 1년 전에 서울 살았습니다. 
여기가 생활을 재미있습니다. 
요즘 생활을 독일에서 어떻게 있습니까? 
영희씨와 만났습니까? 
대학교에서 일이 어렵습니까? 
당진한테 자주 생각합니다. 
유월에서 만하님으로 가려고 합니다. 
아마 고기가 만날까요? 
서울에 회사에 일이 힘드웁니다. 
날마다 나쁜은 사람 약속에 말 하지만 돈이 많이 법니다. 
우리 집을 좋아합니다. 
33평 있습니다. 
그리고 2개 목욕탕이 있습니다. 
옆집 사람이 행복한 가족이 있습니다. 
시간이 있으면 전화 할까요? 
그럼 이만 쓸게요. 
건강하세요. 
 [표현: 단어 사용의 적절성]","<set008>
<level>L2</level>
<topic>4</topic>

나영씨 안녕하습니까? 
저는 1년 전에 서울 살았습니다. 
여기가 생활을 재미있습니다. 
요즘 생활을 독일에서 어떻게 있습니까? 
영희씨와 만났습니까? 
대학교에서 일이 어렵습니까? 
당진한테 자주 생각합니다. 
유월에서 만하님으로 가려고 합니다. 
아마 고기가 만날까요? 
서울에 회사에 일이 힘드웁니다. 
날마다 나쁜은 사람 약속에 말 하지만 돈이 많이 법니다. 
우리 집을 좋아합니다. 
33평 있습니다. 
그리고 2개 목욕탕이 있습니다. 
옆집 사람이 행복한 가족이 있습니다. 
시간이 있으면 전화 할까요? 
그럼 이만 쓸게요. 
건강하세요. 
 [표현: 문장 표현의 탄력성]","<set008>
<level>L2</level>
<topic>4</topic>

나영씨 안녕하습니까? 
저는 1년 전에 서울 살았습니다. 
여기가 생활을 재미있습니다. 
요즘 생활을 독일에서 어떻게 있습니까? 
영희씨와 만났습니까? 
대학교에서 일이 어렵습니까? 
당진한테 자주 생각합니다. 
유월에서 만하님으로 가려고 합니다. 
아마 고기가 만날까요? 
서울에 회사에 일이 힘드웁니다. 
날마다 나쁜은 사람 약속에 말 하지만 돈이 많이 법니다. 
우리 집을 좋아합니다. 
33평 있습니다. 
그리고 2개 목욕탕이 있습니다. 
옆집 사람이 행복한 가족이 있습니다. 
시간이 있으면 전화 할까요? 
그럼 이만 쓸게요. 
건강하세요. 
 [구성: 문단 내 구조의 적절성]","<set008>
<level>L2</level>
<topic>4</topic>

나영씨 안녕하습니까? 
저는 1년 전에 서울 살았습니다. 
여기가 생활을 재미있습니다. 
요즘 생활을 독일에서 어떻게 있습니까? 
영희씨와 만났습니까? 
대학교에서 일이 어렵습니까? 
당진한테 자주 생각합니다. 
유월에서 만하님으로 가려고 합니다. 
아마 고기가 만날까요? 
서울에 회사에 일이 힘드웁니다. 
날마다 나쁜은 사람 약속에 말 하지만 돈이 많이 법니다. 
우리 집을 좋아합니다. 
33평 있습니다. 
그리고 2개 목욕탕이 있습니다. 
옆집 사람이 행복한 가족이 있습니다. 
시간이 있으면 전화 할까요? 
그럼 이만 쓸게요. 
건강하세요. 
 [구성: 문단 간 구조의 적절성 ]","<set008>
<level>L2</level>
<topic>4</topic>

나영씨 안녕하습니까? 
저는 1년 전에 서울 살았습니다. 
여기가 생활을 재미있습니다. 
요즘 생활을 독일에서 어떻게 있습니까? 
영희씨와 만났습니까? 
대학교에서 일이 어렵습니까? 
당진한테 자주 생각합니다. 
유월에서 만하님으로 가려고 합니다. 
아마 고기가 만날까요? 
서울에 회사에 일이 힘드웁니다. 
날마다 나쁜은 사람 약속에 말 하지만 돈이 많이 법니다. 
우리 집을 좋아합니다. 
33평 있습니다. 
그리고 2개 목욕탕이 있습니다. 
옆집 사람이 행복한 가족이 있습니다. 
시간이 있으면 전화 할까요? 
그럼 이만 쓸게요. 
건강하세요. 
 [구성: 구조의 일관성]","<set008>
<level>L2</level>
<topic>4</topic>

나영씨 안녕하습니까? 
저는 1년 전에 서울 살았습니다. 
여기가 생활을 재미있습니다. 
요즘 생활을 독일에서 어떻게 있습니까? 
영희씨와 만났습니까? 
대학교에서 일이 어렵습니까? 
당진한테 자주 생각합니다. 
유월에서 만하님으로 가려고 합니다. 
아마 고기가 만날까요? 
서울에 회사에 일이 힘드웁니다. 
날마다 나쁜은 사람 약속에 말 하지만 돈이 많이 법니다. 
우리 집을 좋아합니다. 
33평 있습니다. 
그리고 2개 목욕탕이 있습니다. 
옆집 사람이 행복한 가족이 있습니다. 
시간이 있으면 전화 할까요? 
그럼 이만 쓸게요. 
건강하세요. 
 [구성: 분량의 적절성]","<set008>
<level>L2</level>
<topic>4</topic>

나영씨 안녕하습니까? 
저는 1년 전에 서울 살았습니다. 
여기가 생활을 재미있습니다. 
요즘 생활을 독일에서 어떻게 있습니까? 
영희씨와 만났습니까? 
대학교에서 일이 어렵습니까? 
당진한테 자주 생각합니다. 
유월에서 만하님으로 가려고 합니다. 
아마 고기가 만날까요? 
서울에 회사에 일이 힘드웁니다. 
날마다 나쁜은 사람 약속에 말 하지만 돈이 많이 법니다. 
우리 집을 좋아합니다. 
33평 있습니다. 
그리고 2개 목욕탕이 있습니다. 
옆집 사람이 행복한 가족이 있습니다. 
시간이 있으면 전화 할까요? 
그럼 이만 쓸게요. 
건강하세요. 
 [내용: 주제의 명료성 ]","<set008>
<level>L2</level>
<topic>4</topic>

나영씨 안녕하습니까? 
저는 1년 전에 서울 살았습니다. 
여기가 생활을 재미있습니다. 
요즘 생활을 독일에서 어떻게 있습니까? 
영희씨와 만났습니까? 
대학교에서 일이 어렵습니까? 
당진한테 자주 생각합니다. 
유월에서 만하님으로 가려고 합니다. 
아마 고기가 만날까요? 
서울에 회사에 일이 힘드웁니다. 
날마다 나쁜은 사람 약속에 말 하지만 돈이 많이 법니다. 
우리 집을 좋아합니다. 
33평 있습니다. 
그리고 2개 목욕탕이 있습니다. 
옆집 사람이 행복한 가족이 있습니다. 
시간이 있으면 전화 할까요? 
그럼 이만 쓸게요. 
건강하세요. 
 [내용: 설명의 구체성]","<set008>
<level>L2</level>
<topic>4</topic>

나영씨 안녕하습니까? 
저는 1년 전에 서울 살았습니다. 
여기가 생활을 재미있습니다. 
요즘 생활을 독일에서 어떻게 있습니까? 
영희씨와 만났습니까? 
대학교에서 일이 어렵습니까? 
당진한테 자주 생각합니다. 
유월에서 만하님으로 가려고 합니다. 
아마 고기가 만날까요? 
서울에 회사에 일이 힘드웁니다. 
날마다 나쁜은 사람 약속에 말 하지만 돈이 많이 법니다. 
우리 집을 좋아합니다. 
33평 있습니다. 
그리고 2개 목욕탕이 있습니다. 
옆집 사람이 행복한 가족이 있습니다. 
시간이 있으면 전화 할까요? 
그럼 이만 쓸게요. 
건강하세요. 
 [내용: 사고의 창의성]","<set009>
<level>L2</level>
<topic>4</topic>


준호에께, 안녕하세요? 
잘지냈어요. 
나는 아주 잘지냈어요. 
요즘은 날씨가 따뜻해요. 
지렁에 날씨가 어때요? 
아마 조금 춥지요. 
보통에은 날씨 싫어지만 한국의 겨울은 호주의 겨울보다 많이 더 추웠어요. 
대학교 재미있어요. 
열심히 공부하고 있어요? 
나는 시험이기 때문에 공부 많이 해야해요. 
아주 어려워요. 
하지만 한국에 잘하고 싶어서 공부하기 괜찬아요. 
맥논날드 일이 재미있어요? 
다른 아르바이트 해야겠어요. 
요즘은 나도 아르바이트 해요. 
아이들에게 영어 가르쳐요. 
조금 재미없지만 돈 많이 없어서 일해야 해요. 
새 자동차 어때요? 
사진을 찍아가 보내세요. 
호주에 돌아가면 자동차 사고 싶지만 조금 비싸지 않아요? 
고등학교 친구들 자주 만나요? 
나는 맥주 마실 때 그리워요. 
내 친구 만난지 석달 됐어요. 
그럼 이만 쓸게요. 
잘 있어요. 
철수 씀.
 [표현: 문법의 정확성]","<set009>
<level>L2</level>
<topic>4</topic>


준호에께, 안녕하세요? 
잘지냈어요. 
나는 아주 잘지냈어요. 
요즘은 날씨가 따뜻해요. 
지렁에 날씨가 어때요? 
아마 조금 춥지요. 
보통에은 날씨 싫어지만 한국의 겨울은 호주의 겨울보다 많이 더 추웠어요. 
대학교 재미있어요. 
열심히 공부하고 있어요? 
나는 시험이기 때문에 공부 많이 해야해요. 
아주 어려워요. 
하지만 한국에 잘하고 싶어서 공부하기 괜찬아요. 
맥논날드 일이 재미있어요? 
다른 아르바이트 해야겠어요. 
요즘은 나도 아르바이트 해요. 
아이들에게 영어 가르쳐요. 
조금 재미없지만 돈 많이 없어서 일해야 해요. 
새 자동차 어때요? 
사진을 찍아가 보내세요. 
호주에 돌아가면 자동차 사고 싶지만 조금 비싸지 않아요? 
고등학교 친구들 자주 만나요? 
나는 맥주 마실 때 그리워요. 
내 친구 만난지 석달 됐어요. 
그럼 이만 쓸게요. 
잘 있어요. 
철수 씀.
 [표현: 단어 사용의 적절성]","<set009>
<level>L2</level>
<topic>4</topic>


준호에께, 안녕하세요? 
잘지냈어요. 
나는 아주 잘지냈어요. 
요즘은 날씨가 따뜻해요. 
지렁에 날씨가 어때요? 
아마 조금 춥지요. 
보통에은 날씨 싫어지만 한국의 겨울은 호주의 겨울보다 많이 더 추웠어요. 
대학교 재미있어요. 
열심히 공부하고 있어요? 
나는 시험이기 때문에 공부 많이 해야해요. 
아주 어려워요. 
하지만 한국에 잘하고 싶어서 공부하기 괜찬아요. 
맥논날드 일이 재미있어요? 
다른 아르바이트 해야겠어요. 
요즘은 나도 아르바이트 해요. 
아이들에게 영어 가르쳐요. 
조금 재미없지만 돈 많이 없어서 일해야 해요. 
새 자동차 어때요? 
사진을 찍아가 보내세요. 
호주에 돌아가면 자동차 사고 싶지만 조금 비싸지 않아요? 
고등학교 친구들 자주 만나요? 
나는 맥주 마실 때 그리워요. 
내 친구 만난지 석달 됐어요. 
그럼 이만 쓸게요. 
잘 있어요. 
철수 씀.
 [표현: 문장 표현의 탄력성]","<set009>
<level>L2</level>
<topic>4</topic>


준호에께, 안녕하세요? 
잘지냈어요. 
나는 아주 잘지냈어요. 
요즘은 날씨가 따뜻해요. 
지렁에 날씨가 어때요? 
아마 조금 춥지요. 
보통에은 날씨 싫어지만 한국의 겨울은 호주의 겨울보다 많이 더 추웠어요. 
대학교 재미있어요. 
열심히 공부하고 있어요? 
나는 시험이기 때문에 공부 많이 해야해요. 
아주 어려워요. 
하지만 한국에 잘하고 싶어서 공부하기 괜찬아요. 
맥논날드 일이 재미있어요? 
다른 아르바이트 해야겠어요. 
요즘은 나도 아르바이트 해요. 
아이들에게 영어 가르쳐요. 
조금 재미없지만 돈 많이 없어서 일해야 해요. 
새 자동차 어때요? 
사진을 찍아가 보내세요. 
호주에 돌아가면 자동차 사고 싶지만 조금 비싸지 않아요? 
고등학교 친구들 자주 만나요? 
나는 맥주 마실 때 그리워요. 
내 친구 만난지 석달 됐어요. 
그럼 이만 쓸게요. 
잘 있어요. 
철수 씀.
 [구성: 문단 내 구조의 적절성]","<set009>
<level>L2</level>
<topic>4</topic>


준호에께, 안녕하세요? 
잘지냈어요. 
나는 아주 잘지냈어요. 
요즘은 날씨가 따뜻해요. 
지렁에 날씨가 어때요? 
아마 조금 춥지요. 
보통에은 날씨 싫어지만 한국의 겨울은 호주의 겨울보다 많이 더 추웠어요. 
대학교 재미있어요. 
열심히 공부하고 있어요? 
나는 시험이기 때문에 공부 많이 해야해요. 
아주 어려워요. 
하지만 한국에 잘하고 싶어서 공부하기 괜찬아요. 
맥논날드 일이 재미있어요? 
다른 아르바이트 해야겠어요. 
요즘은 나도 아르바이트 해요. 
아이들에게 영어 가르쳐요. 
조금 재미없지만 돈 많이 없어서 일해야 해요. 
새 자동차 어때요? 
사진을 찍아가 보내세요. 
호주에 돌아가면 자동차 사고 싶지만 조금 비싸지 않아요? 
고등학교 친구들 자주 만나요? 
나는 맥주 마실 때 그리워요. 
내 친구 만난지 석달 됐어요. 
그럼 이만 쓸게요. 
잘 있어요. 
철수 씀.
 [구성: 문단 간 구조의 적절성 ]","<set009>
<level>L2</level>
<topic>4</topic>


준호에께, 안녕하세요? 
잘지냈어요. 
나는 아주 잘지냈어요. 
요즘은 날씨가 따뜻해요. 
지렁에 날씨가 어때요? 
아마 조금 춥지요. 
보통에은 날씨 싫어지만 한국의 겨울은 호주의 겨울보다 많이 더 추웠어요. 
대학교 재미있어요. 
열심히 공부하고 있어요? 
나는 시험이기 때문에 공부 많이 해야해요. 
아주 어려워요. 
하지만 한국에 잘하고 싶어서 공부하기 괜찬아요. 
맥논날드 일이 재미있어요? 
다른 아르바이트 해야겠어요. 
요즘은 나도 아르바이트 해요. 
아이들에게 영어 가르쳐요. 
조금 재미없지만 돈 많이 없어서 일해야 해요. 
새 자동차 어때요? 
사진을 찍아가 보내세요. 
호주에 돌아가면 자동차 사고 싶지만 조금 비싸지 않아요? 
고등학교 친구들 자주 만나요? 
나는 맥주 마실 때 그리워요. 
내 친구 만난지 석달 됐어요. 
그럼 이만 쓸게요. 
잘 있어요. 
철수 씀.
 [구성: 구조의 일관성]","<set009>
<level>L2</level>
<topic>4</topic>


준호에께, 안녕하세요? 
잘지냈어요. 
나는 아주 잘지냈어요. 
요즘은 날씨가 따뜻해요. 
지렁에 날씨가 어때요? 
아마 조금 춥지요. 
보통에은 날씨 싫어지만 한국의 겨울은 호주의 겨울보다 많이 더 추웠어요. 
대학교 재미있어요. 
열심히 공부하고 있어요? 
나는 시험이기 때문에 공부 많이 해야해요. 
아주 어려워요. 
하지만 한국에 잘하고 싶어서 공부하기 괜찬아요. 
맥논날드 일이 재미있어요? 
다른 아르바이트 해야겠어요. 
요즘은 나도 아르바이트 해요. 
아이들에게 영어 가르쳐요. 
조금 재미없지만 돈 많이 없어서 일해야 해요. 
새 자동차 어때요? 
사진을 찍아가 보내세요. 
호주에 돌아가면 자동차 사고 싶지만 조금 비싸지 않아요? 
고등학교 친구들 자주 만나요? 
나는 맥주 마실 때 그리워요. 
내 친구 만난지 석달 됐어요. 
그럼 이만 쓸게요. 
잘 있어요. 
철수 씀.
 [구성: 분량의 적절성]","<set009>
<level>L2</level>
<topic>4</topic>


준호에께, 안녕하세요? 
잘지냈어요. 
나는 아주 잘지냈어요. 
요즘은 날씨가 따뜻해요. 
지렁에 날씨가 어때요? 
아마 조금 춥지요. 
보통에은 날씨 싫어지만 한국의 겨울은 호주의 겨울보다 많이 더 추웠어요. 
대학교 재미있어요. 
열심히 공부하고 있어요? 
나는 시험이기 때문에 공부 많이 해야해요. 
아주 어려워요. 
하지만 한국에 잘하고 싶어서 공부하기 괜찬아요. 
맥논날드 일이 재미있어요? 
다른 아르바이트 해야겠어요. 
요즘은 나도 아르바이트 해요. 
아이들에게 영어 가르쳐요. 
조금 재미없지만 돈 많이 없어서 일해야 해요. 
새 자동차 어때요? 
사진을 찍아가 보내세요. 
호주에 돌아가면 자동차 사고 싶지만 조금 비싸지 않아요? 
고등학교 친구들 자주 만나요? 
나는 맥주 마실 때 그리워요. 
내 친구 만난지 석달 됐어요. 
그럼 이만 쓸게요. 
잘 있어요. 
철수 씀.
 [내용: 주제의 명료성 ]","<set009>
<level>L2</level>
<topic>4</topic>


준호에께, 안녕하세요? 
잘지냈어요. 
나는 아주 잘지냈어요. 
요즘은 날씨가 따뜻해요. 
지렁에 날씨가 어때요? 
아마 조금 춥지요. 
보통에은 날씨 싫어지만 한국의 겨울은 호주의 겨울보다 많이 더 추웠어요. 
대학교 재미있어요. 
열심히 공부하고 있어요? 
나는 시험이기 때문에 공부 많이 해야해요. 
아주 어려워요. 
하지만 한국에 잘하고 싶어서 공부하기 괜찬아요. 
맥논날드 일이 재미있어요? 
다른 아르바이트 해야겠어요. 
요즘은 나도 아르바이트 해요. 
아이들에게 영어 가르쳐요. 
조금 재미없지만 돈 많이 없어서 일해야 해요. 
새 자동차 어때요? 
사진을 찍아가 보내세요. 
호주에 돌아가면 자동차 사고 싶지만 조금 비싸지 않아요? 
고등학교 친구들 자주 만나요? 
나는 맥주 마실 때 그리워요. 
내 친구 만난지 석달 됐어요. 
그럼 이만 쓸게요. 
잘 있어요. 
철수 씀.
 [내용: 설명의 구체성]","<set009>
<level>L2</level>
<topic>4</topic>


준호에께, 안녕하세요? 
잘지냈어요. 
나는 아주 잘지냈어요. 
요즘은 날씨가 따뜻해요. 
지렁에 날씨가 어때요? 
아마 조금 춥지요. 
보통에은 날씨 싫어지만 한국의 겨울은 호주의 겨울보다 많이 더 추웠어요. 
대학교 재미있어요. 
열심히 공부하고 있어요? 
나는 시험이기 때문에 공부 많이 해야해요. 
아주 어려워요. 
하지만 한국에 잘하고 싶어서 공부하기 괜찬아요. 
맥논날드 일이 재미있어요? 
다른 아르바이트 해야겠어요. 
요즘은 나도 아르바이트 해요. 
아이들에게 영어 가르쳐요. 
조금 재미없지만 돈 많이 없어서 일해야 해요. 
새 자동차 어때요? 
사진을 찍아가 보내세요. 
호주에 돌아가면 자동차 사고 싶지만 조금 비싸지 않아요? 
고등학교 친구들 자주 만나요? 
나는 맥주 마실 때 그리워요. 
내 친구 만난지 석달 됐어요. 
그럼 이만 쓸게요. 
잘 있어요. 
철수 씀.
 [내용: 사고의 창의성]","<set027>
<level>L1</level>
<topic>6FT</topic>

한국생활이 재미있습니다.
한국에 바쁩니다.
한국 사람이 좋아고 한국 친구가 많습니다.
한국말로 어렵지만 날마다 귱부합니다.
매운 한국 음식이 맜시습니다.
저는 한국 영화를 재미있어요.
저는 한국에 많이 년 살고 싶습니다.

                                                                                                                                                                                                                                                                                                                                                                                                                                                                                                                                                                                                                                                                 [표현: 문법의 정확성]","<set027>
<level>L1</level>
<topic>6FT</topic>

한국생활이 재미있습니다.
한국에 바쁩니다.
한국 사람이 좋아고 한국 친구가 많습니다.
한국말로 어렵지만 날마다 귱부합니다.
매운 한국 음식이 맜시습니다.
저는 한국 영화를 재미있어요.
저는 한국에 많이 년 살고 싶습니다.

                                                                                                                                                                                                                                                                                                                                                                                                                                                                                                                                                                                                                                                                 [표현: 단어 사용의 적절성]","<set027>
<level>L1</level>
<topic>6FT</topic>

한국생활이 재미있습니다.
한국에 바쁩니다.
한국 사람이 좋아고 한국 친구가 많습니다.
한국말로 어렵지만 날마다 귱부합니다.
매운 한국 음식이 맜시습니다.
저는 한국 영화를 재미있어요.
저는 한국에 많이 년 살고 싶습니다.

                                                                                                                                                                                                                                                                                                                                                                                                                                                                                                                                                                                                                                                                 [표현: 문장 표현의 탄력성]","<set027>
<level>L1</level>
<topic>6FT</topic>

한국생활이 재미있습니다.
한국에 바쁩니다.
한국 사람이 좋아고 한국 친구가 많습니다.
한국말로 어렵지만 날마다 귱부합니다.
매운 한국 음식이 맜시습니다.
저는 한국 영화를 재미있어요.
저는 한국에 많이 년 살고 싶습니다.

                                                                                                                                                                                                                                                                                                                                                                                                                                                                                                                                                                                                                                                                 [구성: 문단 내 구조의 적절성]","<set027>
<level>L1</level>
<topic>6FT</topic>

한국생활이 재미있습니다.
한국에 바쁩니다.
한국 사람이 좋아고 한국 친구가 많습니다.
한국말로 어렵지만 날마다 귱부합니다.
매운 한국 음식이 맜시습니다.
저는 한국 영화를 재미있어요.
저는 한국에 많이 년 살고 싶습니다.

                                                                                                                                                                                                                                                                                                                                                                                                                                                                                                                                                                                                                                                                 [구성: 문단 간 구조의 적절성 ]","<set027>
<level>L1</level>
<topic>6FT</topic>

한국생활이 재미있습니다.
한국에 바쁩니다.
한국 사람이 좋아고 한국 친구가 많습니다.
한국말로 어렵지만 날마다 귱부합니다.
매운 한국 음식이 맜시습니다.
저는 한국 영화를 재미있어요.
저는 한국에 많이 년 살고 싶습니다.

                                                                                                                                                                                                                                                                                                                                                                                                                                                                                                                                                                                                                                                                 [구성: 구조의 일관성]","<set027>
<level>L1</level>
<topic>6FT</topic>

한국생활이 재미있습니다.
한국에 바쁩니다.
한국 사람이 좋아고 한국 친구가 많습니다.
한국말로 어렵지만 날마다 귱부합니다.
매운 한국 음식이 맜시습니다.
저는 한국 영화를 재미있어요.
저는 한국에 많이 년 살고 싶습니다.

                                                                                                                                                                                                                                                                                                                                                                                                                                                                                                                                                                                                                                                                 [구성: 분량의 적절성]","<set027>
<level>L1</level>
<topic>6FT</topic>

한국생활이 재미있습니다.
한국에 바쁩니다.
한국 사람이 좋아고 한국 친구가 많습니다.
한국말로 어렵지만 날마다 귱부합니다.
매운 한국 음식이 맜시습니다.
저는 한국 영화를 재미있어요.
저는 한국에 많이 년 살고 싶습니다.

                                                                                                                                                                                                                                                                                                                                                                                                                                                                                                                                                                                                                                                                 [내용: 주제의 명료성 ]","<set027>
<level>L1</level>
<topic>6FT</topic>

한국생활이 재미있습니다.
한국에 바쁩니다.
한국 사람이 좋아고 한국 친구가 많습니다.
한국말로 어렵지만 날마다 귱부합니다.
매운 한국 음식이 맜시습니다.
저는 한국 영화를 재미있어요.
저는 한국에 많이 년 살고 싶습니다.

                                                                                                                                                                                                                                                                                                                                                                                                                                                                                                                                                                                                                                                                 [내용: 설명의 구체성]","<set027>
<level>L1</level>
<topic>6FT</topic>

한국생활이 재미있습니다.
한국에 바쁩니다.
한국 사람이 좋아고 한국 친구가 많습니다.
한국말로 어렵지만 날마다 귱부합니다.
매운 한국 음식이 맜시습니다.
저는 한국 영화를 재미있어요.
저는 한국에 많이 년 살고 싶습니다.

                                                                                                                                                                                                                                                                                                                                                                                                                                                                                                                                                                                                                                                                 [내용: 사고의 창의성]","<set011>
<level>L1</level>
<topic>자기소개</topic>
 
저는 나영 인데요. 
학교에 자기어 탁 가요.
플리다에 살어요.
전공을 전기공학인데요.
저는 아파지하고 엄마하고 남동생 있어요.
아파지는 의사를 있어요.
대학교에 좋아요.
너무 속제 많아서 좀 공부해요.
이번 시험이 많아요.
어제 비가 오고 있었어요.
비가 좋은데 어떤 공부하고 있어요.
다음 일요일 집에 가고 있어요.
집에서 쉰 게세요.
부모님은 미국에 살어요.
부모님 플리다에서 자기어까지 와요.
 [표현: 문법의 정확성]","<set011>
<level>L1</level>
<topic>자기소개</topic>
 
저는 나영 인데요. 
학교에 자기어 탁 가요.
플리다에 살어요.
전공을 전기공학인데요.
저는 아파지하고 엄마하고 남동생 있어요.
아파지는 의사를 있어요.
대학교에 좋아요.
너무 속제 많아서 좀 공부해요.
이번 시험이 많아요.
어제 비가 오고 있었어요.
비가 좋은데 어떤 공부하고 있어요.
다음 일요일 집에 가고 있어요.
집에서 쉰 게세요.
부모님은 미국에 살어요.
부모님 플리다에서 자기어까지 와요.
 [표현: 단어 사용의 적절성]","<set011>
<level>L1</level>
<topic>자기소개</topic>
 
저는 나영 인데요. 
학교에 자기어 탁 가요.
플리다에 살어요.
전공을 전기공학인데요.
저는 아파지하고 엄마하고 남동생 있어요.
아파지는 의사를 있어요.
대학교에 좋아요.
너무 속제 많아서 좀 공부해요.
이번 시험이 많아요.
어제 비가 오고 있었어요.
비가 좋은데 어떤 공부하고 있어요.
다음 일요일 집에 가고 있어요.
집에서 쉰 게세요.
부모님은 미국에 살어요.
부모님 플리다에서 자기어까지 와요.
 [표현: 문장 표현의 탄력성]","<set011>
<level>L1</level>
<topic>자기소개</topic>
 
저는 나영 인데요. 
학교에 자기어 탁 가요.
플리다에 살어요.
전공을 전기공학인데요.
저는 아파지하고 엄마하고 남동생 있어요.
아파지는 의사를 있어요.
대학교에 좋아요.
너무 속제 많아서 좀 공부해요.
이번 시험이 많아요.
어제 비가 오고 있었어요.
비가 좋은데 어떤 공부하고 있어요.
다음 일요일 집에 가고 있어요.
집에서 쉰 게세요.
부모님은 미국에 살어요.
부모님 플리다에서 자기어까지 와요.
 [구성: 문단 내 구조의 적절성]","<set011>
<level>L1</level>
<topic>자기소개</topic>
 
저는 나영 인데요. 
학교에 자기어 탁 가요.
플리다에 살어요.
전공을 전기공학인데요.
저는 아파지하고 엄마하고 남동생 있어요.
아파지는 의사를 있어요.
대학교에 좋아요.
너무 속제 많아서 좀 공부해요.
이번 시험이 많아요.
어제 비가 오고 있었어요.
비가 좋은데 어떤 공부하고 있어요.
다음 일요일 집에 가고 있어요.
집에서 쉰 게세요.
부모님은 미국에 살어요.
부모님 플리다에서 자기어까지 와요.
 [구성: 문단 간 구조의 적절성 ]","<set011>
<level>L1</level>
<topic>자기소개</topic>
 
저는 나영 인데요. 
학교에 자기어 탁 가요.
플리다에 살어요.
전공을 전기공학인데요.
저는 아파지하고 엄마하고 남동생 있어요.
아파지는 의사를 있어요.
대학교에 좋아요.
너무 속제 많아서 좀 공부해요.
이번 시험이 많아요.
어제 비가 오고 있었어요.
비가 좋은데 어떤 공부하고 있어요.
다음 일요일 집에 가고 있어요.
집에서 쉰 게세요.
부모님은 미국에 살어요.
부모님 플리다에서 자기어까지 와요.
 [구성: 구조의 일관성]","<set011>
<level>L1</level>
<topic>자기소개</topic>
 
저는 나영 인데요. 
학교에 자기어 탁 가요.
플리다에 살어요.
전공을 전기공학인데요.
저는 아파지하고 엄마하고 남동생 있어요.
아파지는 의사를 있어요.
대학교에 좋아요.
너무 속제 많아서 좀 공부해요.
이번 시험이 많아요.
어제 비가 오고 있었어요.
비가 좋은데 어떤 공부하고 있어요.
다음 일요일 집에 가고 있어요.
집에서 쉰 게세요.
부모님은 미국에 살어요.
부모님 플리다에서 자기어까지 와요.
 [구성: 분량의 적절성]","<set011>
<level>L1</level>
<topic>자기소개</topic>
 
저는 나영 인데요. 
학교에 자기어 탁 가요.
플리다에 살어요.
전공을 전기공학인데요.
저는 아파지하고 엄마하고 남동생 있어요.
아파지는 의사를 있어요.
대학교에 좋아요.
너무 속제 많아서 좀 공부해요.
이번 시험이 많아요.
어제 비가 오고 있었어요.
비가 좋은데 어떤 공부하고 있어요.
다음 일요일 집에 가고 있어요.
집에서 쉰 게세요.
부모님은 미국에 살어요.
부모님 플리다에서 자기어까지 와요.
 [내용: 주제의 명료성 ]","<set011>
<level>L1</level>
<topic>자기소개</topic>
 
저는 나영 인데요. 
학교에 자기어 탁 가요.
플리다에 살어요.
전공을 전기공학인데요.
저는 아파지하고 엄마하고 남동생 있어요.
아파지는 의사를 있어요.
대학교에 좋아요.
너무 속제 많아서 좀 공부해요.
이번 시험이 많아요.
어제 비가 오고 있었어요.
비가 좋은데 어떤 공부하고 있어요.
다음 일요일 집에 가고 있어요.
집에서 쉰 게세요.
부모님은 미국에 살어요.
부모님 플리다에서 자기어까지 와요.
 [내용: 설명의 구체성]","<set011>
<level>L1</level>
<topic>자기소개</topic>
 
저는 나영 인데요. 
학교에 자기어 탁 가요.
플리다에 살어요.
전공을 전기공학인데요.
저는 아파지하고 엄마하고 남동생 있어요.
아파지는 의사를 있어요.
대학교에 좋아요.
너무 속제 많아서 좀 공부해요.
이번 시험이 많아요.
어제 비가 오고 있었어요.
비가 좋은데 어떤 공부하고 있어요.
다음 일요일 집에 가고 있어요.
집에서 쉰 게세요.
부모님은 미국에 살어요.
부모님 플리다에서 자기어까지 와요.
 [내용: 사고의 창의성]","<set012>
<level>L1</level>
<topic>자기소개</topic>


안영하세요.
이름이 철수예요.
저는 미극 조지아 (Georgia) 앹랜다 (Atlanta)에서 살아요.
저는 아버지 어머니 남동생 있어요.
제 부모님이 맥더너에 게시습니다.
동생이 캔엣어에 있어요.
조지아 택 (Georgia Tech) 다녀요.
이 학년 이에요.
컴퓨터를 공부해요.
내일 시함이 두개 있어요.
아짐에 음식을 만들어서 공부했어요.
저는 IC219에 오로 한국어 시함을 봤어요.
한국어 시함이 좋고 싶겠어요.
이번 학기에 수업 다섯이나 들었어요.
저는 choco-pie를 좋아해요.
 [표현: 문법의 정확성]","<set012>
<level>L1</level>
<topic>자기소개</topic>


안영하세요.
이름이 철수예요.
저는 미극 조지아 (Georgia) 앹랜다 (Atlanta)에서 살아요.
저는 아버지 어머니 남동생 있어요.
제 부모님이 맥더너에 게시습니다.
동생이 캔엣어에 있어요.
조지아 택 (Georgia Tech) 다녀요.
이 학년 이에요.
컴퓨터를 공부해요.
내일 시함이 두개 있어요.
아짐에 음식을 만들어서 공부했어요.
저는 IC219에 오로 한국어 시함을 봤어요.
한국어 시함이 좋고 싶겠어요.
이번 학기에 수업 다섯이나 들었어요.
저는 choco-pie를 좋아해요.
 [표현: 단어 사용의 적절성]","<set012>
<level>L1</level>
<topic>자기소개</topic>


안영하세요.
이름이 철수예요.
저는 미극 조지아 (Georgia) 앹랜다 (Atlanta)에서 살아요.
저는 아버지 어머니 남동생 있어요.
제 부모님이 맥더너에 게시습니다.
동생이 캔엣어에 있어요.
조지아 택 (Georgia Tech) 다녀요.
이 학년 이에요.
컴퓨터를 공부해요.
내일 시함이 두개 있어요.
아짐에 음식을 만들어서 공부했어요.
저는 IC219에 오로 한국어 시함을 봤어요.
한국어 시함이 좋고 싶겠어요.
이번 학기에 수업 다섯이나 들었어요.
저는 choco-pie를 좋아해요.
 [표현: 문장 표현의 탄력성]","<set012>
<level>L1</level>
<topic>자기소개</topic>


안영하세요.
이름이 철수예요.
저는 미극 조지아 (Georgia) 앹랜다 (Atlanta)에서 살아요.
저는 아버지 어머니 남동생 있어요.
제 부모님이 맥더너에 게시습니다.
동생이 캔엣어에 있어요.
조지아 택 (Georgia Tech) 다녀요.
이 학년 이에요.
컴퓨터를 공부해요.
내일 시함이 두개 있어요.
아짐에 음식을 만들어서 공부했어요.
저는 IC219에 오로 한국어 시함을 봤어요.
한국어 시함이 좋고 싶겠어요.
이번 학기에 수업 다섯이나 들었어요.
저는 choco-pie를 좋아해요.
 [구성: 문단 내 구조의 적절성]","<set012>
<level>L1</level>
<topic>자기소개</topic>


안영하세요.
이름이 철수예요.
저는 미극 조지아 (Georgia) 앹랜다 (Atlanta)에서 살아요.
저는 아버지 어머니 남동생 있어요.
제 부모님이 맥더너에 게시습니다.
동생이 캔엣어에 있어요.
조지아 택 (Georgia Tech) 다녀요.
이 학년 이에요.
컴퓨터를 공부해요.
내일 시함이 두개 있어요.
아짐에 음식을 만들어서 공부했어요.
저는 IC219에 오로 한국어 시함을 봤어요.
한국어 시함이 좋고 싶겠어요.
이번 학기에 수업 다섯이나 들었어요.
저는 choco-pie를 좋아해요.
 [구성: 문단 간 구조의 적절성 ]","<set012>
<level>L1</level>
<topic>자기소개</topic>


안영하세요.
이름이 철수예요.
저는 미극 조지아 (Georgia) 앹랜다 (Atlanta)에서 살아요.
저는 아버지 어머니 남동생 있어요.
제 부모님이 맥더너에 게시습니다.
동생이 캔엣어에 있어요.
조지아 택 (Georgia Tech) 다녀요.
이 학년 이에요.
컴퓨터를 공부해요.
내일 시함이 두개 있어요.
아짐에 음식을 만들어서 공부했어요.
저는 IC219에 오로 한국어 시함을 봤어요.
한국어 시함이 좋고 싶겠어요.
이번 학기에 수업 다섯이나 들었어요.
저는 choco-pie를 좋아해요.
 [구성: 구조의 일관성]","<set012>
<level>L1</level>
<topic>자기소개</topic>


안영하세요.
이름이 철수예요.
저는 미극 조지아 (Georgia) 앹랜다 (Atlanta)에서 살아요.
저는 아버지 어머니 남동생 있어요.
제 부모님이 맥더너에 게시습니다.
동생이 캔엣어에 있어요.
조지아 택 (Georgia Tech) 다녀요.
이 학년 이에요.
컴퓨터를 공부해요.
내일 시함이 두개 있어요.
아짐에 음식을 만들어서 공부했어요.
저는 IC219에 오로 한국어 시함을 봤어요.
한국어 시함이 좋고 싶겠어요.
이번 학기에 수업 다섯이나 들었어요.
저는 choco-pie를 좋아해요.
 [구성: 분량의 적절성]","<set012>
<level>L1</level>
<topic>자기소개</topic>


안영하세요.
이름이 철수예요.
저는 미극 조지아 (Georgia) 앹랜다 (Atlanta)에서 살아요.
저는 아버지 어머니 남동생 있어요.
제 부모님이 맥더너에 게시습니다.
동생이 캔엣어에 있어요.
조지아 택 (Georgia Tech) 다녀요.
이 학년 이에요.
컴퓨터를 공부해요.
내일 시함이 두개 있어요.
아짐에 음식을 만들어서 공부했어요.
저는 IC219에 오로 한국어 시함을 봤어요.
한국어 시함이 좋고 싶겠어요.
이번 학기에 수업 다섯이나 들었어요.
저는 choco-pie를 좋아해요.
 [내용: 주제의 명료성 ]","<set012>
<level>L1</level>
<topic>자기소개</topic>


안영하세요.
이름이 철수예요.
저는 미극 조지아 (Georgia) 앹랜다 (Atlanta)에서 살아요.
저는 아버지 어머니 남동생 있어요.
제 부모님이 맥더너에 게시습니다.
동생이 캔엣어에 있어요.
조지아 택 (Georgia Tech) 다녀요.
이 학년 이에요.
컴퓨터를 공부해요.
내일 시함이 두개 있어요.
아짐에 음식을 만들어서 공부했어요.
저는 IC219에 오로 한국어 시함을 봤어요.
한국어 시함이 좋고 싶겠어요.
이번 학기에 수업 다섯이나 들었어요.
저는 choco-pie를 좋아해요.
 [내용: 설명의 구체성]","<set012>
<level>L1</level>
<topic>자기소개</topic>


안영하세요.
이름이 철수예요.
저는 미극 조지아 (Georgia) 앹랜다 (Atlanta)에서 살아요.
저는 아버지 어머니 남동생 있어요.
제 부모님이 맥더너에 게시습니다.
동생이 캔엣어에 있어요.
조지아 택 (Georgia Tech) 다녀요.
이 학년 이에요.
컴퓨터를 공부해요.
내일 시함이 두개 있어요.
아짐에 음식을 만들어서 공부했어요.
저는 IC219에 오로 한국어 시함을 봤어요.
한국어 시함이 좋고 싶겠어요.
이번 학기에 수업 다섯이나 들었어요.
저는 choco-pie를 좋아해요.
 [내용: 사고의 창의성]","<set013>
<level>L1</level>
<topic>자기소개</topic>


저는 지어지아 에서 왔습니다.
그리고 제가 준호입니다. 
제 전공은 기계 공학입니다.
대학교 생활은 아주 재미있지만 너무 바빱니다.
제 친구들이 다 키가 크데 저는 너무 키가 작습니다. 
이젠 제 파란 셔츠를 좋아합니다.
내일 제 여친구하고 쇼핑할거예요.
제 여친구 아주마는 맛있은 한국어음시 만드습니다.
제 친구들이 착합니다.
제가 한국에 갈게요.
저는 김치를 만들었습니다.
제 부모님은 어거스타 에서 사세요.
제 형제는 부모님 하고 살아요.
오늘은 제가 너무 피곤합니다.
한국어 수업이 재미있었어요.
안녕히계세요.
 [표현: 문법의 정확성]","<set013>
<level>L1</level>
<topic>자기소개</topic>


저는 지어지아 에서 왔습니다.
그리고 제가 준호입니다. 
제 전공은 기계 공학입니다.
대학교 생활은 아주 재미있지만 너무 바빱니다.
제 친구들이 다 키가 크데 저는 너무 키가 작습니다. 
이젠 제 파란 셔츠를 좋아합니다.
내일 제 여친구하고 쇼핑할거예요.
제 여친구 아주마는 맛있은 한국어음시 만드습니다.
제 친구들이 착합니다.
제가 한국에 갈게요.
저는 김치를 만들었습니다.
제 부모님은 어거스타 에서 사세요.
제 형제는 부모님 하고 살아요.
오늘은 제가 너무 피곤합니다.
한국어 수업이 재미있었어요.
안녕히계세요.
 [표현: 단어 사용의 적절성]","<set013>
<level>L1</level>
<topic>자기소개</topic>


저는 지어지아 에서 왔습니다.
그리고 제가 준호입니다. 
제 전공은 기계 공학입니다.
대학교 생활은 아주 재미있지만 너무 바빱니다.
제 친구들이 다 키가 크데 저는 너무 키가 작습니다. 
이젠 제 파란 셔츠를 좋아합니다.
내일 제 여친구하고 쇼핑할거예요.
제 여친구 아주마는 맛있은 한국어음시 만드습니다.
제 친구들이 착합니다.
제가 한국에 갈게요.
저는 김치를 만들었습니다.
제 부모님은 어거스타 에서 사세요.
제 형제는 부모님 하고 살아요.
오늘은 제가 너무 피곤합니다.
한국어 수업이 재미있었어요.
안녕히계세요.
 [표현: 문장 표현의 탄력성]","<set013>
<level>L1</level>
<topic>자기소개</topic>


저는 지어지아 에서 왔습니다.
그리고 제가 준호입니다. 
제 전공은 기계 공학입니다.
대학교 생활은 아주 재미있지만 너무 바빱니다.
제 친구들이 다 키가 크데 저는 너무 키가 작습니다. 
이젠 제 파란 셔츠를 좋아합니다.
내일 제 여친구하고 쇼핑할거예요.
제 여친구 아주마는 맛있은 한국어음시 만드습니다.
제 친구들이 착합니다.
제가 한국에 갈게요.
저는 김치를 만들었습니다.
제 부모님은 어거스타 에서 사세요.
제 형제는 부모님 하고 살아요.
오늘은 제가 너무 피곤합니다.
한국어 수업이 재미있었어요.
안녕히계세요.
 [구성: 문단 내 구조의 적절성]","<set013>
<level>L1</level>
<topic>자기소개</topic>


저는 지어지아 에서 왔습니다.
그리고 제가 준호입니다. 
제 전공은 기계 공학입니다.
대학교 생활은 아주 재미있지만 너무 바빱니다.
제 친구들이 다 키가 크데 저는 너무 키가 작습니다. 
이젠 제 파란 셔츠를 좋아합니다.
내일 제 여친구하고 쇼핑할거예요.
제 여친구 아주마는 맛있은 한국어음시 만드습니다.
제 친구들이 착합니다.
제가 한국에 갈게요.
저는 김치를 만들었습니다.
제 부모님은 어거스타 에서 사세요.
제 형제는 부모님 하고 살아요.
오늘은 제가 너무 피곤합니다.
한국어 수업이 재미있었어요.
안녕히계세요.
 [구성: 문단 간 구조의 적절성 ]","<set013>
<level>L1</level>
<topic>자기소개</topic>


저는 지어지아 에서 왔습니다.
그리고 제가 준호입니다. 
제 전공은 기계 공학입니다.
대학교 생활은 아주 재미있지만 너무 바빱니다.
제 친구들이 다 키가 크데 저는 너무 키가 작습니다. 
이젠 제 파란 셔츠를 좋아합니다.
내일 제 여친구하고 쇼핑할거예요.
제 여친구 아주마는 맛있은 한국어음시 만드습니다.
제 친구들이 착합니다.
제가 한국에 갈게요.
저는 김치를 만들었습니다.
제 부모님은 어거스타 에서 사세요.
제 형제는 부모님 하고 살아요.
오늘은 제가 너무 피곤합니다.
한국어 수업이 재미있었어요.
안녕히계세요.
 [구성: 구조의 일관성]","<set013>
<level>L1</level>
<topic>자기소개</topic>


저는 지어지아 에서 왔습니다.
그리고 제가 준호입니다. 
제 전공은 기계 공학입니다.
대학교 생활은 아주 재미있지만 너무 바빱니다.
제 친구들이 다 키가 크데 저는 너무 키가 작습니다. 
이젠 제 파란 셔츠를 좋아합니다.
내일 제 여친구하고 쇼핑할거예요.
제 여친구 아주마는 맛있은 한국어음시 만드습니다.
제 친구들이 착합니다.
제가 한국에 갈게요.
저는 김치를 만들었습니다.
제 부모님은 어거스타 에서 사세요.
제 형제는 부모님 하고 살아요.
오늘은 제가 너무 피곤합니다.
한국어 수업이 재미있었어요.
안녕히계세요.
 [구성: 분량의 적절성]","<set013>
<level>L1</level>
<topic>자기소개</topic>


저는 지어지아 에서 왔습니다.
그리고 제가 준호입니다. 
제 전공은 기계 공학입니다.
대학교 생활은 아주 재미있지만 너무 바빱니다.
제 친구들이 다 키가 크데 저는 너무 키가 작습니다. 
이젠 제 파란 셔츠를 좋아합니다.
내일 제 여친구하고 쇼핑할거예요.
제 여친구 아주마는 맛있은 한국어음시 만드습니다.
제 친구들이 착합니다.
제가 한국에 갈게요.
저는 김치를 만들었습니다.
제 부모님은 어거스타 에서 사세요.
제 형제는 부모님 하고 살아요.
오늘은 제가 너무 피곤합니다.
한국어 수업이 재미있었어요.
안녕히계세요.
 [내용: 주제의 명료성 ]","<set013>
<level>L1</level>
<topic>자기소개</topic>


저는 지어지아 에서 왔습니다.
그리고 제가 준호입니다. 
제 전공은 기계 공학입니다.
대학교 생활은 아주 재미있지만 너무 바빱니다.
제 친구들이 다 키가 크데 저는 너무 키가 작습니다. 
이젠 제 파란 셔츠를 좋아합니다.
내일 제 여친구하고 쇼핑할거예요.
제 여친구 아주마는 맛있은 한국어음시 만드습니다.
제 친구들이 착합니다.
제가 한국에 갈게요.
저는 김치를 만들었습니다.
제 부모님은 어거스타 에서 사세요.
제 형제는 부모님 하고 살아요.
오늘은 제가 너무 피곤합니다.
한국어 수업이 재미있었어요.
안녕히계세요.
 [내용: 설명의 구체성]","<set013>
<level>L1</level>
<topic>자기소개</topic>


저는 지어지아 에서 왔습니다.
그리고 제가 준호입니다. 
제 전공은 기계 공학입니다.
대학교 생활은 아주 재미있지만 너무 바빱니다.
제 친구들이 다 키가 크데 저는 너무 키가 작습니다. 
이젠 제 파란 셔츠를 좋아합니다.
내일 제 여친구하고 쇼핑할거예요.
제 여친구 아주마는 맛있은 한국어음시 만드습니다.
제 친구들이 착합니다.
제가 한국에 갈게요.
저는 김치를 만들었습니다.
제 부모님은 어거스타 에서 사세요.
제 형제는 부모님 하고 살아요.
오늘은 제가 너무 피곤합니다.
한국어 수업이 재미있었어요.
안녕히계세요.
 [내용: 사고의 창의성]","<set014>
<level>L1</level>
<topic>자기소개</topic>


저 “영철”이에요.
저는 대학생이에요.
“Georgia Tech”에서 공부해요.
사는집가 아주 커요.
제 루매이트가 넷명 있어요.
어젯밤 루매트하고 같이 공부했어요.
어늘, 한국어 시험을 봐요.
한국어 수업은 제미있어요.
한국어 선생님 좋아요.
저녁에 한국 음식을 만들 겠거예요.
갈비가 사 돼요.
갈비가 맜있어요.
저는 먹어서 자요.
내일, “Tyrone”에 가서 제 족음이 봐요.
제 진구가 “Tyrone”에 살아요.
 [표현: 문법의 정확성]","<set014>
<level>L1</level>
<topic>자기소개</topic>


저 “영철”이에요.
저는 대학생이에요.
“Georgia Tech”에서 공부해요.
사는집가 아주 커요.
제 루매이트가 넷명 있어요.
어젯밤 루매트하고 같이 공부했어요.
어늘, 한국어 시험을 봐요.
한국어 수업은 제미있어요.
한국어 선생님 좋아요.
저녁에 한국 음식을 만들 겠거예요.
갈비가 사 돼요.
갈비가 맜있어요.
저는 먹어서 자요.
내일, “Tyrone”에 가서 제 족음이 봐요.
제 진구가 “Tyrone”에 살아요.
 [표현: 단어 사용의 적절성]","<set014>
<level>L1</level>
<topic>자기소개</topic>


저 “영철”이에요.
저는 대학생이에요.
“Georgia Tech”에서 공부해요.
사는집가 아주 커요.
제 루매이트가 넷명 있어요.
어젯밤 루매트하고 같이 공부했어요.
어늘, 한국어 시험을 봐요.
한국어 수업은 제미있어요.
한국어 선생님 좋아요.
저녁에 한국 음식을 만들 겠거예요.
갈비가 사 돼요.
갈비가 맜있어요.
저는 먹어서 자요.
내일, “Tyrone”에 가서 제 족음이 봐요.
제 진구가 “Tyrone”에 살아요.
 [표현: 문장 표현의 탄력성]","<set014>
<level>L1</level>
<topic>자기소개</topic>


저 “영철”이에요.
저는 대학생이에요.
“Georgia Tech”에서 공부해요.
사는집가 아주 커요.
제 루매이트가 넷명 있어요.
어젯밤 루매트하고 같이 공부했어요.
어늘, 한국어 시험을 봐요.
한국어 수업은 제미있어요.
한국어 선생님 좋아요.
저녁에 한국 음식을 만들 겠거예요.
갈비가 사 돼요.
갈비가 맜있어요.
저는 먹어서 자요.
내일, “Tyrone”에 가서 제 족음이 봐요.
제 진구가 “Tyrone”에 살아요.
 [구성: 문단 내 구조의 적절성]","<set014>
<level>L1</level>
<topic>자기소개</topic>


저 “영철”이에요.
저는 대학생이에요.
“Georgia Tech”에서 공부해요.
사는집가 아주 커요.
제 루매이트가 넷명 있어요.
어젯밤 루매트하고 같이 공부했어요.
어늘, 한국어 시험을 봐요.
한국어 수업은 제미있어요.
한국어 선생님 좋아요.
저녁에 한국 음식을 만들 겠거예요.
갈비가 사 돼요.
갈비가 맜있어요.
저는 먹어서 자요.
내일, “Tyrone”에 가서 제 족음이 봐요.
제 진구가 “Tyrone”에 살아요.
 [구성: 문단 간 구조의 적절성 ]","<set014>
<level>L1</level>
<topic>자기소개</topic>


저 “영철”이에요.
저는 대학생이에요.
“Georgia Tech”에서 공부해요.
사는집가 아주 커요.
제 루매이트가 넷명 있어요.
어젯밤 루매트하고 같이 공부했어요.
어늘, 한국어 시험을 봐요.
한국어 수업은 제미있어요.
한국어 선생님 좋아요.
저녁에 한국 음식을 만들 겠거예요.
갈비가 사 돼요.
갈비가 맜있어요.
저는 먹어서 자요.
내일, “Tyrone”에 가서 제 족음이 봐요.
제 진구가 “Tyrone”에 살아요.
 [구성: 구조의 일관성]","<set014>
<level>L1</level>
<topic>자기소개</topic>


저 “영철”이에요.
저는 대학생이에요.
“Georgia Tech”에서 공부해요.
사는집가 아주 커요.
제 루매이트가 넷명 있어요.
어젯밤 루매트하고 같이 공부했어요.
어늘, 한국어 시험을 봐요.
한국어 수업은 제미있어요.
한국어 선생님 좋아요.
저녁에 한국 음식을 만들 겠거예요.
갈비가 사 돼요.
갈비가 맜있어요.
저는 먹어서 자요.
내일, “Tyrone”에 가서 제 족음이 봐요.
제 진구가 “Tyrone”에 살아요.
 [구성: 분량의 적절성]","<set014>
<level>L1</level>
<topic>자기소개</topic>


저 “영철”이에요.
저는 대학생이에요.
“Georgia Tech”에서 공부해요.
사는집가 아주 커요.
제 루매이트가 넷명 있어요.
어젯밤 루매트하고 같이 공부했어요.
어늘, 한국어 시험을 봐요.
한국어 수업은 제미있어요.
한국어 선생님 좋아요.
저녁에 한국 음식을 만들 겠거예요.
갈비가 사 돼요.
갈비가 맜있어요.
저는 먹어서 자요.
내일, “Tyrone”에 가서 제 족음이 봐요.
제 진구가 “Tyrone”에 살아요.
 [내용: 주제의 명료성 ]","<set014>
<level>L1</level>
<topic>자기소개</topic>


저 “영철”이에요.
저는 대학생이에요.
“Georgia Tech”에서 공부해요.
사는집가 아주 커요.
제 루매이트가 넷명 있어요.
어젯밤 루매트하고 같이 공부했어요.
어늘, 한국어 시험을 봐요.
한국어 수업은 제미있어요.
한국어 선생님 좋아요.
저녁에 한국 음식을 만들 겠거예요.
갈비가 사 돼요.
갈비가 맜있어요.
저는 먹어서 자요.
내일, “Tyrone”에 가서 제 족음이 봐요.
제 진구가 “Tyrone”에 살아요.
 [내용: 설명의 구체성]","<set014>
<level>L1</level>
<topic>자기소개</topic>


저 “영철”이에요.
저는 대학생이에요.
“Georgia Tech”에서 공부해요.
사는집가 아주 커요.
제 루매이트가 넷명 있어요.
어젯밤 루매트하고 같이 공부했어요.
어늘, 한국어 시험을 봐요.
한국어 수업은 제미있어요.
한국어 선생님 좋아요.
저녁에 한국 음식을 만들 겠거예요.
갈비가 사 돼요.
갈비가 맜있어요.
저는 먹어서 자요.
내일, “Tyrone”에 가서 제 족음이 봐요.
제 진구가 “Tyrone”에 살아요.
 [내용: 사고의 창의성]","<set023>
<level>L1</level>

웰슬리대학에서 제 집에까지 삼십 분걸려요. 
제 기숙사는 셰퍼예요. 
운전해서 셰퍼에서 똑바로 가세요. 
그리고 왼쪽으로 도고 다시 왼쪽으로 도고 오른쪽으로 도세요. 
웰슬리 곔퍼스에서 나가세요. 
웰슬리 센더로 똑바로 가세요. 
웰슬리 대학에서 마스파이크에까지 십 오분 걸려요. 
마스파이크에 타세요. 
그리고 구 마일 가고 매스파이크에서 내려세요. 
똑바로 가고 신호등에 다리에 타세요. 
왼쪽으로 도고 똑바로 가세요. 
네거리를 건너세요. 
신호등에 왼쪽으로 도세요. 
그리고 구 마일 똑바로 가세요. 
밸먼트 센터에 네거리를 건너세요. 
그리고 오른쪽으로 도고 똑바로 가세요. 
구 신호등후 준국 레스토랑에 왼쪽으로 도세요. 
똑바로 가세요. 
길 막바지에 제 집있어요. 
 [표현: 문법의 정확성]","<set023>
<level>L1</level>

웰슬리대학에서 제 집에까지 삼십 분걸려요. 
제 기숙사는 셰퍼예요. 
운전해서 셰퍼에서 똑바로 가세요. 
그리고 왼쪽으로 도고 다시 왼쪽으로 도고 오른쪽으로 도세요. 
웰슬리 곔퍼스에서 나가세요. 
웰슬리 센더로 똑바로 가세요. 
웰슬리 대학에서 마스파이크에까지 십 오분 걸려요. 
마스파이크에 타세요. 
그리고 구 마일 가고 매스파이크에서 내려세요. 
똑바로 가고 신호등에 다리에 타세요. 
왼쪽으로 도고 똑바로 가세요. 
네거리를 건너세요. 
신호등에 왼쪽으로 도세요. 
그리고 구 마일 똑바로 가세요. 
밸먼트 센터에 네거리를 건너세요. 
그리고 오른쪽으로 도고 똑바로 가세요. 
구 신호등후 준국 레스토랑에 왼쪽으로 도세요. 
똑바로 가세요. 
길 막바지에 제 집있어요. 
 [표현: 단어 사용의 적절성]","<set023>
<level>L1</level>

웰슬리대학에서 제 집에까지 삼십 분걸려요. 
제 기숙사는 셰퍼예요. 
운전해서 셰퍼에서 똑바로 가세요. 
그리고 왼쪽으로 도고 다시 왼쪽으로 도고 오른쪽으로 도세요. 
웰슬리 곔퍼스에서 나가세요. 
웰슬리 센더로 똑바로 가세요. 
웰슬리 대학에서 마스파이크에까지 십 오분 걸려요. 
마스파이크에 타세요. 
그리고 구 마일 가고 매스파이크에서 내려세요. 
똑바로 가고 신호등에 다리에 타세요. 
왼쪽으로 도고 똑바로 가세요. 
네거리를 건너세요. 
신호등에 왼쪽으로 도세요. 
그리고 구 마일 똑바로 가세요. 
밸먼트 센터에 네거리를 건너세요. 
그리고 오른쪽으로 도고 똑바로 가세요. 
구 신호등후 준국 레스토랑에 왼쪽으로 도세요. 
똑바로 가세요. 
길 막바지에 제 집있어요. 
 [표현: 문장 표현의 탄력성]","<set023>
<level>L1</level>

웰슬리대학에서 제 집에까지 삼십 분걸려요. 
제 기숙사는 셰퍼예요. 
운전해서 셰퍼에서 똑바로 가세요. 
그리고 왼쪽으로 도고 다시 왼쪽으로 도고 오른쪽으로 도세요. 
웰슬리 곔퍼스에서 나가세요. 
웰슬리 센더로 똑바로 가세요. 
웰슬리 대학에서 마스파이크에까지 십 오분 걸려요. 
마스파이크에 타세요. 
그리고 구 마일 가고 매스파이크에서 내려세요. 
똑바로 가고 신호등에 다리에 타세요. 
왼쪽으로 도고 똑바로 가세요. 
네거리를 건너세요. 
신호등에 왼쪽으로 도세요. 
그리고 구 마일 똑바로 가세요. 
밸먼트 센터에 네거리를 건너세요. 
그리고 오른쪽으로 도고 똑바로 가세요. 
구 신호등후 준국 레스토랑에 왼쪽으로 도세요. 
똑바로 가세요. 
길 막바지에 제 집있어요. 
 [구성: 문단 내 구조의 적절성]","<set023>
<level>L1</level>

웰슬리대학에서 제 집에까지 삼십 분걸려요. 
제 기숙사는 셰퍼예요. 
운전해서 셰퍼에서 똑바로 가세요. 
그리고 왼쪽으로 도고 다시 왼쪽으로 도고 오른쪽으로 도세요. 
웰슬리 곔퍼스에서 나가세요. 
웰슬리 센더로 똑바로 가세요. 
웰슬리 대학에서 마스파이크에까지 십 오분 걸려요. 
마스파이크에 타세요. 
그리고 구 마일 가고 매스파이크에서 내려세요. 
똑바로 가고 신호등에 다리에 타세요. 
왼쪽으로 도고 똑바로 가세요. 
네거리를 건너세요. 
신호등에 왼쪽으로 도세요. 
그리고 구 마일 똑바로 가세요. 
밸먼트 센터에 네거리를 건너세요. 
그리고 오른쪽으로 도고 똑바로 가세요. 
구 신호등후 준국 레스토랑에 왼쪽으로 도세요. 
똑바로 가세요. 
길 막바지에 제 집있어요. 
 [구성: 문단 간 구조의 적절성 ]","<set023>
<level>L1</level>

웰슬리대학에서 제 집에까지 삼십 분걸려요. 
제 기숙사는 셰퍼예요. 
운전해서 셰퍼에서 똑바로 가세요. 
그리고 왼쪽으로 도고 다시 왼쪽으로 도고 오른쪽으로 도세요. 
웰슬리 곔퍼스에서 나가세요. 
웰슬리 센더로 똑바로 가세요. 
웰슬리 대학에서 마스파이크에까지 십 오분 걸려요. 
마스파이크에 타세요. 
그리고 구 마일 가고 매스파이크에서 내려세요. 
똑바로 가고 신호등에 다리에 타세요. 
왼쪽으로 도고 똑바로 가세요. 
네거리를 건너세요. 
신호등에 왼쪽으로 도세요. 
그리고 구 마일 똑바로 가세요. 
밸먼트 센터에 네거리를 건너세요. 
그리고 오른쪽으로 도고 똑바로 가세요. 
구 신호등후 준국 레스토랑에 왼쪽으로 도세요. 
똑바로 가세요. 
길 막바지에 제 집있어요. 
 [구성: 구조의 일관성]","<set023>
<level>L1</level>

웰슬리대학에서 제 집에까지 삼십 분걸려요. 
제 기숙사는 셰퍼예요. 
운전해서 셰퍼에서 똑바로 가세요. 
그리고 왼쪽으로 도고 다시 왼쪽으로 도고 오른쪽으로 도세요. 
웰슬리 곔퍼스에서 나가세요. 
웰슬리 센더로 똑바로 가세요. 
웰슬리 대학에서 마스파이크에까지 십 오분 걸려요. 
마스파이크에 타세요. 
그리고 구 마일 가고 매스파이크에서 내려세요. 
똑바로 가고 신호등에 다리에 타세요. 
왼쪽으로 도고 똑바로 가세요. 
네거리를 건너세요. 
신호등에 왼쪽으로 도세요. 
그리고 구 마일 똑바로 가세요. 
밸먼트 센터에 네거리를 건너세요. 
그리고 오른쪽으로 도고 똑바로 가세요. 
구 신호등후 준국 레스토랑에 왼쪽으로 도세요. 
똑바로 가세요. 
길 막바지에 제 집있어요. 
 [구성: 분량의 적절성]","<set023>
<level>L1</level>

웰슬리대학에서 제 집에까지 삼십 분걸려요. 
제 기숙사는 셰퍼예요. 
운전해서 셰퍼에서 똑바로 가세요. 
그리고 왼쪽으로 도고 다시 왼쪽으로 도고 오른쪽으로 도세요. 
웰슬리 곔퍼스에서 나가세요. 
웰슬리 센더로 똑바로 가세요. 
웰슬리 대학에서 마스파이크에까지 십 오분 걸려요. 
마스파이크에 타세요. 
그리고 구 마일 가고 매스파이크에서 내려세요. 
똑바로 가고 신호등에 다리에 타세요. 
왼쪽으로 도고 똑바로 가세요. 
네거리를 건너세요. 
신호등에 왼쪽으로 도세요. 
그리고 구 마일 똑바로 가세요. 
밸먼트 센터에 네거리를 건너세요. 
그리고 오른쪽으로 도고 똑바로 가세요. 
구 신호등후 준국 레스토랑에 왼쪽으로 도세요. 
똑바로 가세요. 
길 막바지에 제 집있어요. 
 [내용: 주제의 명료성 ]","<set023>
<level>L1</level>

웰슬리대학에서 제 집에까지 삼십 분걸려요. 
제 기숙사는 셰퍼예요. 
운전해서 셰퍼에서 똑바로 가세요. 
그리고 왼쪽으로 도고 다시 왼쪽으로 도고 오른쪽으로 도세요. 
웰슬리 곔퍼스에서 나가세요. 
웰슬리 센더로 똑바로 가세요. 
웰슬리 대학에서 마스파이크에까지 십 오분 걸려요. 
마스파이크에 타세요. 
그리고 구 마일 가고 매스파이크에서 내려세요. 
똑바로 가고 신호등에 다리에 타세요. 
왼쪽으로 도고 똑바로 가세요. 
네거리를 건너세요. 
신호등에 왼쪽으로 도세요. 
그리고 구 마일 똑바로 가세요. 
밸먼트 센터에 네거리를 건너세요. 
그리고 오른쪽으로 도고 똑바로 가세요. 
구 신호등후 준국 레스토랑에 왼쪽으로 도세요. 
똑바로 가세요. 
길 막바지에 제 집있어요. 
 [내용: 설명의 구체성]","<set023>
<level>L1</level>

웰슬리대학에서 제 집에까지 삼십 분걸려요. 
제 기숙사는 셰퍼예요. 
운전해서 셰퍼에서 똑바로 가세요. 
그리고 왼쪽으로 도고 다시 왼쪽으로 도고 오른쪽으로 도세요. 
웰슬리 곔퍼스에서 나가세요. 
웰슬리 센더로 똑바로 가세요. 
웰슬리 대학에서 마스파이크에까지 십 오분 걸려요. 
마스파이크에 타세요. 
그리고 구 마일 가고 매스파이크에서 내려세요. 
똑바로 가고 신호등에 다리에 타세요. 
왼쪽으로 도고 똑바로 가세요. 
네거리를 건너세요. 
신호등에 왼쪽으로 도세요. 
그리고 구 마일 똑바로 가세요. 
밸먼트 센터에 네거리를 건너세요. 
그리고 오른쪽으로 도고 똑바로 가세요. 
구 신호등후 준국 레스토랑에 왼쪽으로 도세요. 
똑바로 가세요. 
길 막바지에 제 집있어요. 
 [내용: 사고의 창의성]","<set016>
<level>L1</level>

오늘은 토요일이에요. 
토요일에 우리 가족들은 보통 집 근처 백화점에 가요. 
거기에서 옷을 싸요. 
그런데 오늘은 날씨가 안 좋아요. 
눈이 와요. 
그리고 바람도 많이 불어요. 
그래서 가족들이 모두 집에 있어요. 
저는 지금 거실에서 텔레비전봐요. 
여자 동생은 부엌에서 맛있는 간식은 준비해요. 
동생은 요리를 참 좋아요. 
아버지 거실에 계세요. 
아버지 신문 읽으세요. 
어머니도 거실에 계세요.
다리미질을 하세요.
할아버지는 방에서 주무세요.
요즘 건강이 안 좋으세요.
할머니도 방에 계세요.
책을 읽으세요.
할머니는 책을 아주 좋아하세요. 
 [표현: 문법의 정확성]","<set016>
<level>L1</level>

오늘은 토요일이에요. 
토요일에 우리 가족들은 보통 집 근처 백화점에 가요. 
거기에서 옷을 싸요. 
그런데 오늘은 날씨가 안 좋아요. 
눈이 와요. 
그리고 바람도 많이 불어요. 
그래서 가족들이 모두 집에 있어요. 
저는 지금 거실에서 텔레비전봐요. 
여자 동생은 부엌에서 맛있는 간식은 준비해요. 
동생은 요리를 참 좋아요. 
아버지 거실에 계세요. 
아버지 신문 읽으세요. 
어머니도 거실에 계세요.
다리미질을 하세요.
할아버지는 방에서 주무세요.
요즘 건강이 안 좋으세요.
할머니도 방에 계세요.
책을 읽으세요.
할머니는 책을 아주 좋아하세요. 
 [표현: 단어 사용의 적절성]","<set016>
<level>L1</level>

오늘은 토요일이에요. 
토요일에 우리 가족들은 보통 집 근처 백화점에 가요. 
거기에서 옷을 싸요. 
그런데 오늘은 날씨가 안 좋아요. 
눈이 와요. 
그리고 바람도 많이 불어요. 
그래서 가족들이 모두 집에 있어요. 
저는 지금 거실에서 텔레비전봐요. 
여자 동생은 부엌에서 맛있는 간식은 준비해요. 
동생은 요리를 참 좋아요. 
아버지 거실에 계세요. 
아버지 신문 읽으세요. 
어머니도 거실에 계세요.
다리미질을 하세요.
할아버지는 방에서 주무세요.
요즘 건강이 안 좋으세요.
할머니도 방에 계세요.
책을 읽으세요.
할머니는 책을 아주 좋아하세요. 
 [표현: 문장 표현의 탄력성]","<set016>
<level>L1</level>

오늘은 토요일이에요. 
토요일에 우리 가족들은 보통 집 근처 백화점에 가요. 
거기에서 옷을 싸요. 
그런데 오늘은 날씨가 안 좋아요. 
눈이 와요. 
그리고 바람도 많이 불어요. 
그래서 가족들이 모두 집에 있어요. 
저는 지금 거실에서 텔레비전봐요. 
여자 동생은 부엌에서 맛있는 간식은 준비해요. 
동생은 요리를 참 좋아요. 
아버지 거실에 계세요. 
아버지 신문 읽으세요. 
어머니도 거실에 계세요.
다리미질을 하세요.
할아버지는 방에서 주무세요.
요즘 건강이 안 좋으세요.
할머니도 방에 계세요.
책을 읽으세요.
할머니는 책을 아주 좋아하세요. 
 [구성: 문단 내 구조의 적절성]","<set016>
<level>L1</level>

오늘은 토요일이에요. 
토요일에 우리 가족들은 보통 집 근처 백화점에 가요. 
거기에서 옷을 싸요. 
그런데 오늘은 날씨가 안 좋아요. 
눈이 와요. 
그리고 바람도 많이 불어요. 
그래서 가족들이 모두 집에 있어요. 
저는 지금 거실에서 텔레비전봐요. 
여자 동생은 부엌에서 맛있는 간식은 준비해요. 
동생은 요리를 참 좋아요. 
아버지 거실에 계세요. 
아버지 신문 읽으세요. 
어머니도 거실에 계세요.
다리미질을 하세요.
할아버지는 방에서 주무세요.
요즘 건강이 안 좋으세요.
할머니도 방에 계세요.
책을 읽으세요.
할머니는 책을 아주 좋아하세요. 
 [구성: 문단 간 구조의 적절성 ]","<set016>
<level>L1</level>

오늘은 토요일이에요. 
토요일에 우리 가족들은 보통 집 근처 백화점에 가요. 
거기에서 옷을 싸요. 
그런데 오늘은 날씨가 안 좋아요. 
눈이 와요. 
그리고 바람도 많이 불어요. 
그래서 가족들이 모두 집에 있어요. 
저는 지금 거실에서 텔레비전봐요. 
여자 동생은 부엌에서 맛있는 간식은 준비해요. 
동생은 요리를 참 좋아요. 
아버지 거실에 계세요. 
아버지 신문 읽으세요. 
어머니도 거실에 계세요.
다리미질을 하세요.
할아버지는 방에서 주무세요.
요즘 건강이 안 좋으세요.
할머니도 방에 계세요.
책을 읽으세요.
할머니는 책을 아주 좋아하세요. 
 [구성: 구조의 일관성]","<set016>
<level>L1</level>

오늘은 토요일이에요. 
토요일에 우리 가족들은 보통 집 근처 백화점에 가요. 
거기에서 옷을 싸요. 
그런데 오늘은 날씨가 안 좋아요. 
눈이 와요. 
그리고 바람도 많이 불어요. 
그래서 가족들이 모두 집에 있어요. 
저는 지금 거실에서 텔레비전봐요. 
여자 동생은 부엌에서 맛있는 간식은 준비해요. 
동생은 요리를 참 좋아요. 
아버지 거실에 계세요. 
아버지 신문 읽으세요. 
어머니도 거실에 계세요.
다리미질을 하세요.
할아버지는 방에서 주무세요.
요즘 건강이 안 좋으세요.
할머니도 방에 계세요.
책을 읽으세요.
할머니는 책을 아주 좋아하세요. 
 [구성: 분량의 적절성]","<set016>
<level>L1</level>

오늘은 토요일이에요. 
토요일에 우리 가족들은 보통 집 근처 백화점에 가요. 
거기에서 옷을 싸요. 
그런데 오늘은 날씨가 안 좋아요. 
눈이 와요. 
그리고 바람도 많이 불어요. 
그래서 가족들이 모두 집에 있어요. 
저는 지금 거실에서 텔레비전봐요. 
여자 동생은 부엌에서 맛있는 간식은 준비해요. 
동생은 요리를 참 좋아요. 
아버지 거실에 계세요. 
아버지 신문 읽으세요. 
어머니도 거실에 계세요.
다리미질을 하세요.
할아버지는 방에서 주무세요.
요즘 건강이 안 좋으세요.
할머니도 방에 계세요.
책을 읽으세요.
할머니는 책을 아주 좋아하세요. 
 [내용: 주제의 명료성 ]","<set016>
<level>L1</level>

오늘은 토요일이에요. 
토요일에 우리 가족들은 보통 집 근처 백화점에 가요. 
거기에서 옷을 싸요. 
그런데 오늘은 날씨가 안 좋아요. 
눈이 와요. 
그리고 바람도 많이 불어요. 
그래서 가족들이 모두 집에 있어요. 
저는 지금 거실에서 텔레비전봐요. 
여자 동생은 부엌에서 맛있는 간식은 준비해요. 
동생은 요리를 참 좋아요. 
아버지 거실에 계세요. 
아버지 신문 읽으세요. 
어머니도 거실에 계세요.
다리미질을 하세요.
할아버지는 방에서 주무세요.
요즘 건강이 안 좋으세요.
할머니도 방에 계세요.
책을 읽으세요.
할머니는 책을 아주 좋아하세요. 
 [내용: 설명의 구체성]","<set016>
<level>L1</level>

오늘은 토요일이에요. 
토요일에 우리 가족들은 보통 집 근처 백화점에 가요. 
거기에서 옷을 싸요. 
그런데 오늘은 날씨가 안 좋아요. 
눈이 와요. 
그리고 바람도 많이 불어요. 
그래서 가족들이 모두 집에 있어요. 
저는 지금 거실에서 텔레비전봐요. 
여자 동생은 부엌에서 맛있는 간식은 준비해요. 
동생은 요리를 참 좋아요. 
아버지 거실에 계세요. 
아버지 신문 읽으세요. 
어머니도 거실에 계세요.
다리미질을 하세요.
할아버지는 방에서 주무세요.
요즘 건강이 안 좋으세요.
할머니도 방에 계세요.
책을 읽으세요.
할머니는 책을 아주 좋아하세요. 
 [내용: 사고의 창의성]","<set017>
<level>L1</level>

오늘은 토요일어에요. 
친구하고 집에 이에요. 
제 고향은 웰슬리예요.
오늘은 날씨가 좋아요. 
보통 토요일에 친구가 집에 와요. 
왜냐하면 같이 공부할 수 있어요.
그리고, 중국음식을 같이 먹을 수 있어요. 
아침에, 밥하고 중국반잔을 먹어요. 
아홉시에 동생을 초등학교에 가요. 
왜냐하면 초등학교 근처 예쁜 공원이 있어요. 
저기 조용하고 깨끗해요. 
오후에 집에 돌아가요. 
어머니는 요리를 하세요.
어머니께 요리를 맛있어요. 
제 친구를 아주 좋아요. 
지금 거실에서 친구 같이 코미디 영화를 와요. 
지금은 쉬워요. 
전녁에, 아버지는 일에 돌아가세요.
그리고, 친구하고, 웰슬리 대학에 와요. 
왜냐하면 잘 수 있을 거예요.
 [표현: 문법의 정확성]","<set017>
<level>L1</level>

오늘은 토요일어에요. 
친구하고 집에 이에요. 
제 고향은 웰슬리예요.
오늘은 날씨가 좋아요. 
보통 토요일에 친구가 집에 와요. 
왜냐하면 같이 공부할 수 있어요.
그리고, 중국음식을 같이 먹을 수 있어요. 
아침에, 밥하고 중국반잔을 먹어요. 
아홉시에 동생을 초등학교에 가요. 
왜냐하면 초등학교 근처 예쁜 공원이 있어요. 
저기 조용하고 깨끗해요. 
오후에 집에 돌아가요. 
어머니는 요리를 하세요.
어머니께 요리를 맛있어요. 
제 친구를 아주 좋아요. 
지금 거실에서 친구 같이 코미디 영화를 와요. 
지금은 쉬워요. 
전녁에, 아버지는 일에 돌아가세요.
그리고, 친구하고, 웰슬리 대학에 와요. 
왜냐하면 잘 수 있을 거예요.
 [표현: 단어 사용의 적절성]","<set017>
<level>L1</level>

오늘은 토요일어에요. 
친구하고 집에 이에요. 
제 고향은 웰슬리예요.
오늘은 날씨가 좋아요. 
보통 토요일에 친구가 집에 와요. 
왜냐하면 같이 공부할 수 있어요.
그리고, 중국음식을 같이 먹을 수 있어요. 
아침에, 밥하고 중국반잔을 먹어요. 
아홉시에 동생을 초등학교에 가요. 
왜냐하면 초등학교 근처 예쁜 공원이 있어요. 
저기 조용하고 깨끗해요. 
오후에 집에 돌아가요. 
어머니는 요리를 하세요.
어머니께 요리를 맛있어요. 
제 친구를 아주 좋아요. 
지금 거실에서 친구 같이 코미디 영화를 와요. 
지금은 쉬워요. 
전녁에, 아버지는 일에 돌아가세요.
그리고, 친구하고, 웰슬리 대학에 와요. 
왜냐하면 잘 수 있을 거예요.
 [표현: 문장 표현의 탄력성]","<set017>
<level>L1</level>

오늘은 토요일어에요. 
친구하고 집에 이에요. 
제 고향은 웰슬리예요.
오늘은 날씨가 좋아요. 
보통 토요일에 친구가 집에 와요. 
왜냐하면 같이 공부할 수 있어요.
그리고, 중국음식을 같이 먹을 수 있어요. 
아침에, 밥하고 중국반잔을 먹어요. 
아홉시에 동생을 초등학교에 가요. 
왜냐하면 초등학교 근처 예쁜 공원이 있어요. 
저기 조용하고 깨끗해요. 
오후에 집에 돌아가요. 
어머니는 요리를 하세요.
어머니께 요리를 맛있어요. 
제 친구를 아주 좋아요. 
지금 거실에서 친구 같이 코미디 영화를 와요. 
지금은 쉬워요. 
전녁에, 아버지는 일에 돌아가세요.
그리고, 친구하고, 웰슬리 대학에 와요. 
왜냐하면 잘 수 있을 거예요.
 [구성: 문단 내 구조의 적절성]","<set017>
<level>L1</level>

오늘은 토요일어에요. 
친구하고 집에 이에요. 
제 고향은 웰슬리예요.
오늘은 날씨가 좋아요. 
보통 토요일에 친구가 집에 와요. 
왜냐하면 같이 공부할 수 있어요.
그리고, 중국음식을 같이 먹을 수 있어요. 
아침에, 밥하고 중국반잔을 먹어요. 
아홉시에 동생을 초등학교에 가요. 
왜냐하면 초등학교 근처 예쁜 공원이 있어요. 
저기 조용하고 깨끗해요. 
오후에 집에 돌아가요. 
어머니는 요리를 하세요.
어머니께 요리를 맛있어요. 
제 친구를 아주 좋아요. 
지금 거실에서 친구 같이 코미디 영화를 와요. 
지금은 쉬워요. 
전녁에, 아버지는 일에 돌아가세요.
그리고, 친구하고, 웰슬리 대학에 와요. 
왜냐하면 잘 수 있을 거예요.
 [구성: 문단 간 구조의 적절성 ]","<set017>
<level>L1</level>

오늘은 토요일어에요. 
친구하고 집에 이에요. 
제 고향은 웰슬리예요.
오늘은 날씨가 좋아요. 
보통 토요일에 친구가 집에 와요. 
왜냐하면 같이 공부할 수 있어요.
그리고, 중국음식을 같이 먹을 수 있어요. 
아침에, 밥하고 중국반잔을 먹어요. 
아홉시에 동생을 초등학교에 가요. 
왜냐하면 초등학교 근처 예쁜 공원이 있어요. 
저기 조용하고 깨끗해요. 
오후에 집에 돌아가요. 
어머니는 요리를 하세요.
어머니께 요리를 맛있어요. 
제 친구를 아주 좋아요. 
지금 거실에서 친구 같이 코미디 영화를 와요. 
지금은 쉬워요. 
전녁에, 아버지는 일에 돌아가세요.
그리고, 친구하고, 웰슬리 대학에 와요. 
왜냐하면 잘 수 있을 거예요.
 [구성: 구조의 일관성]","<set017>
<level>L1</level>

오늘은 토요일어에요. 
친구하고 집에 이에요. 
제 고향은 웰슬리예요.
오늘은 날씨가 좋아요. 
보통 토요일에 친구가 집에 와요. 
왜냐하면 같이 공부할 수 있어요.
그리고, 중국음식을 같이 먹을 수 있어요. 
아침에, 밥하고 중국반잔을 먹어요. 
아홉시에 동생을 초등학교에 가요. 
왜냐하면 초등학교 근처 예쁜 공원이 있어요. 
저기 조용하고 깨끗해요. 
오후에 집에 돌아가요. 
어머니는 요리를 하세요.
어머니께 요리를 맛있어요. 
제 친구를 아주 좋아요. 
지금 거실에서 친구 같이 코미디 영화를 와요. 
지금은 쉬워요. 
전녁에, 아버지는 일에 돌아가세요.
그리고, 친구하고, 웰슬리 대학에 와요. 
왜냐하면 잘 수 있을 거예요.
 [구성: 분량의 적절성]","<set017>
<level>L1</level>

오늘은 토요일어에요. 
친구하고 집에 이에요. 
제 고향은 웰슬리예요.
오늘은 날씨가 좋아요. 
보통 토요일에 친구가 집에 와요. 
왜냐하면 같이 공부할 수 있어요.
그리고, 중국음식을 같이 먹을 수 있어요. 
아침에, 밥하고 중국반잔을 먹어요. 
아홉시에 동생을 초등학교에 가요. 
왜냐하면 초등학교 근처 예쁜 공원이 있어요. 
저기 조용하고 깨끗해요. 
오후에 집에 돌아가요. 
어머니는 요리를 하세요.
어머니께 요리를 맛있어요. 
제 친구를 아주 좋아요. 
지금 거실에서 친구 같이 코미디 영화를 와요. 
지금은 쉬워요. 
전녁에, 아버지는 일에 돌아가세요.
그리고, 친구하고, 웰슬리 대학에 와요. 
왜냐하면 잘 수 있을 거예요.
 [내용: 주제의 명료성 ]","<set017>
<level>L1</level>

오늘은 토요일어에요. 
친구하고 집에 이에요. 
제 고향은 웰슬리예요.
오늘은 날씨가 좋아요. 
보통 토요일에 친구가 집에 와요. 
왜냐하면 같이 공부할 수 있어요.
그리고, 중국음식을 같이 먹을 수 있어요. 
아침에, 밥하고 중국반잔을 먹어요. 
아홉시에 동생을 초등학교에 가요. 
왜냐하면 초등학교 근처 예쁜 공원이 있어요. 
저기 조용하고 깨끗해요. 
오후에 집에 돌아가요. 
어머니는 요리를 하세요.
어머니께 요리를 맛있어요. 
제 친구를 아주 좋아요. 
지금 거실에서 친구 같이 코미디 영화를 와요. 
지금은 쉬워요. 
전녁에, 아버지는 일에 돌아가세요.
그리고, 친구하고, 웰슬리 대학에 와요. 
왜냐하면 잘 수 있을 거예요.
 [내용: 설명의 구체성]","<set017>
<level>L1</level>

오늘은 토요일어에요. 
친구하고 집에 이에요. 
제 고향은 웰슬리예요.
오늘은 날씨가 좋아요. 
보통 토요일에 친구가 집에 와요. 
왜냐하면 같이 공부할 수 있어요.
그리고, 중국음식을 같이 먹을 수 있어요. 
아침에, 밥하고 중국반잔을 먹어요. 
아홉시에 동생을 초등학교에 가요. 
왜냐하면 초등학교 근처 예쁜 공원이 있어요. 
저기 조용하고 깨끗해요. 
오후에 집에 돌아가요. 
어머니는 요리를 하세요.
어머니께 요리를 맛있어요. 
제 친구를 아주 좋아요. 
지금 거실에서 친구 같이 코미디 영화를 와요. 
지금은 쉬워요. 
전녁에, 아버지는 일에 돌아가세요.
그리고, 친구하고, 웰슬리 대학에 와요. 
왜냐하면 잘 수 있을 거예요.
 [내용: 사고의 창의성]","<set018>
<level>L2</level>

안녕하세요? 
인사하세요!
이분이 제친구예요. 
이름이 유미예요. 
유미 씨는 러시아사람이에요. 
상트 페테르부르크에서 살아요. 
저는 유미씨를 참 좋아해요.
유미씨 전공이 경제학이에요. 
국제 경제가 재미있어요. 
이번 학기에 유미씨는 사학년이에요.
지금 독일에서 살아요. 
Schiller 대학교에서 경제학, 경영학 그리고 독일어를 배워요.
아주 어려워요!
유미 씨는 질문이 있어요.
독일 학생하고 연습 문제를 자주 해요.
그리고 이대학교에 러시아 학생도 많아요.
유미씨 부모님은 러시아에서 살아요. 
부모님은 상트 페테르부르크를 참 좋아해요. 
유미 씨도 언니가 하나 있어요.
이름이 영희예요.
모스크바에서 살아요.
영희 씨 전공이 법학이에요.
매일 법책을 읽어요. 영희씨하고 유미씨 사이가 좋아요!
유미 씨는 아주 예뻐요!
운동을 참 좋아해요.
유미 씨는 수영장하고 테니스 코트에 자주 가요.
어제 유미 씨는 제 방에 전화했어요. 
유미씨는 2007년 이월에 러시아에 가요.
지금 독일어 연습 때문에 아주 바빠요!
감사합니다!
 [표현: 문법의 정확성]","<set018>
<level>L2</level>

안녕하세요? 
인사하세요!
이분이 제친구예요. 
이름이 유미예요. 
유미 씨는 러시아사람이에요. 
상트 페테르부르크에서 살아요. 
저는 유미씨를 참 좋아해요.
유미씨 전공이 경제학이에요. 
국제 경제가 재미있어요. 
이번 학기에 유미씨는 사학년이에요.
지금 독일에서 살아요. 
Schiller 대학교에서 경제학, 경영학 그리고 독일어를 배워요.
아주 어려워요!
유미 씨는 질문이 있어요.
독일 학생하고 연습 문제를 자주 해요.
그리고 이대학교에 러시아 학생도 많아요.
유미씨 부모님은 러시아에서 살아요. 
부모님은 상트 페테르부르크를 참 좋아해요. 
유미 씨도 언니가 하나 있어요.
이름이 영희예요.
모스크바에서 살아요.
영희 씨 전공이 법학이에요.
매일 법책을 읽어요. 영희씨하고 유미씨 사이가 좋아요!
유미 씨는 아주 예뻐요!
운동을 참 좋아해요.
유미 씨는 수영장하고 테니스 코트에 자주 가요.
어제 유미 씨는 제 방에 전화했어요. 
유미씨는 2007년 이월에 러시아에 가요.
지금 독일어 연습 때문에 아주 바빠요!
감사합니다!
 [표현: 단어 사용의 적절성]","<set018>
<level>L2</level>

안녕하세요? 
인사하세요!
이분이 제친구예요. 
이름이 유미예요. 
유미 씨는 러시아사람이에요. 
상트 페테르부르크에서 살아요. 
저는 유미씨를 참 좋아해요.
유미씨 전공이 경제학이에요. 
국제 경제가 재미있어요. 
이번 학기에 유미씨는 사학년이에요.
지금 독일에서 살아요. 
Schiller 대학교에서 경제학, 경영학 그리고 독일어를 배워요.
아주 어려워요!
유미 씨는 질문이 있어요.
독일 학생하고 연습 문제를 자주 해요.
그리고 이대학교에 러시아 학생도 많아요.
유미씨 부모님은 러시아에서 살아요. 
부모님은 상트 페테르부르크를 참 좋아해요. 
유미 씨도 언니가 하나 있어요.
이름이 영희예요.
모스크바에서 살아요.
영희 씨 전공이 법학이에요.
매일 법책을 읽어요. 영희씨하고 유미씨 사이가 좋아요!
유미 씨는 아주 예뻐요!
운동을 참 좋아해요.
유미 씨는 수영장하고 테니스 코트에 자주 가요.
어제 유미 씨는 제 방에 전화했어요. 
유미씨는 2007년 이월에 러시아에 가요.
지금 독일어 연습 때문에 아주 바빠요!
감사합니다!
 [표현: 문장 표현의 탄력성]","<set018>
<level>L2</level>

안녕하세요? 
인사하세요!
이분이 제친구예요. 
이름이 유미예요. 
유미 씨는 러시아사람이에요. 
상트 페테르부르크에서 살아요. 
저는 유미씨를 참 좋아해요.
유미씨 전공이 경제학이에요. 
국제 경제가 재미있어요. 
이번 학기에 유미씨는 사학년이에요.
지금 독일에서 살아요. 
Schiller 대학교에서 경제학, 경영학 그리고 독일어를 배워요.
아주 어려워요!
유미 씨는 질문이 있어요.
독일 학생하고 연습 문제를 자주 해요.
그리고 이대학교에 러시아 학생도 많아요.
유미씨 부모님은 러시아에서 살아요. 
부모님은 상트 페테르부르크를 참 좋아해요. 
유미 씨도 언니가 하나 있어요.
이름이 영희예요.
모스크바에서 살아요.
영희 씨 전공이 법학이에요.
매일 법책을 읽어요. 영희씨하고 유미씨 사이가 좋아요!
유미 씨는 아주 예뻐요!
운동을 참 좋아해요.
유미 씨는 수영장하고 테니스 코트에 자주 가요.
어제 유미 씨는 제 방에 전화했어요. 
유미씨는 2007년 이월에 러시아에 가요.
지금 독일어 연습 때문에 아주 바빠요!
감사합니다!
 [구성: 문단 내 구조의 적절성]","<set018>
<level>L2</level>

안녕하세요? 
인사하세요!
이분이 제친구예요. 
이름이 유미예요. 
유미 씨는 러시아사람이에요. 
상트 페테르부르크에서 살아요. 
저는 유미씨를 참 좋아해요.
유미씨 전공이 경제학이에요. 
국제 경제가 재미있어요. 
이번 학기에 유미씨는 사학년이에요.
지금 독일에서 살아요. 
Schiller 대학교에서 경제학, 경영학 그리고 독일어를 배워요.
아주 어려워요!
유미 씨는 질문이 있어요.
독일 학생하고 연습 문제를 자주 해요.
그리고 이대학교에 러시아 학생도 많아요.
유미씨 부모님은 러시아에서 살아요. 
부모님은 상트 페테르부르크를 참 좋아해요. 
유미 씨도 언니가 하나 있어요.
이름이 영희예요.
모스크바에서 살아요.
영희 씨 전공이 법학이에요.
매일 법책을 읽어요. 영희씨하고 유미씨 사이가 좋아요!
유미 씨는 아주 예뻐요!
운동을 참 좋아해요.
유미 씨는 수영장하고 테니스 코트에 자주 가요.
어제 유미 씨는 제 방에 전화했어요. 
유미씨는 2007년 이월에 러시아에 가요.
지금 독일어 연습 때문에 아주 바빠요!
감사합니다!
 [구성: 문단 간 구조의 적절성 ]","<set018>
<level>L2</level>

안녕하세요? 
인사하세요!
이분이 제친구예요. 
이름이 유미예요. 
유미 씨는 러시아사람이에요. 
상트 페테르부르크에서 살아요. 
저는 유미씨를 참 좋아해요.
유미씨 전공이 경제학이에요. 
국제 경제가 재미있어요. 
이번 학기에 유미씨는 사학년이에요.
지금 독일에서 살아요. 
Schiller 대학교에서 경제학, 경영학 그리고 독일어를 배워요.
아주 어려워요!
유미 씨는 질문이 있어요.
독일 학생하고 연습 문제를 자주 해요.
그리고 이대학교에 러시아 학생도 많아요.
유미씨 부모님은 러시아에서 살아요. 
부모님은 상트 페테르부르크를 참 좋아해요. 
유미 씨도 언니가 하나 있어요.
이름이 영희예요.
모스크바에서 살아요.
영희 씨 전공이 법학이에요.
매일 법책을 읽어요. 영희씨하고 유미씨 사이가 좋아요!
유미 씨는 아주 예뻐요!
운동을 참 좋아해요.
유미 씨는 수영장하고 테니스 코트에 자주 가요.
어제 유미 씨는 제 방에 전화했어요. 
유미씨는 2007년 이월에 러시아에 가요.
지금 독일어 연습 때문에 아주 바빠요!
감사합니다!
 [구성: 구조의 일관성]","<set018>
<level>L2</level>

안녕하세요? 
인사하세요!
이분이 제친구예요. 
이름이 유미예요. 
유미 씨는 러시아사람이에요. 
상트 페테르부르크에서 살아요. 
저는 유미씨를 참 좋아해요.
유미씨 전공이 경제학이에요. 
국제 경제가 재미있어요. 
이번 학기에 유미씨는 사학년이에요.
지금 독일에서 살아요. 
Schiller 대학교에서 경제학, 경영학 그리고 독일어를 배워요.
아주 어려워요!
유미 씨는 질문이 있어요.
독일 학생하고 연습 문제를 자주 해요.
그리고 이대학교에 러시아 학생도 많아요.
유미씨 부모님은 러시아에서 살아요. 
부모님은 상트 페테르부르크를 참 좋아해요. 
유미 씨도 언니가 하나 있어요.
이름이 영희예요.
모스크바에서 살아요.
영희 씨 전공이 법학이에요.
매일 법책을 읽어요. 영희씨하고 유미씨 사이가 좋아요!
유미 씨는 아주 예뻐요!
운동을 참 좋아해요.
유미 씨는 수영장하고 테니스 코트에 자주 가요.
어제 유미 씨는 제 방에 전화했어요. 
유미씨는 2007년 이월에 러시아에 가요.
지금 독일어 연습 때문에 아주 바빠요!
감사합니다!
 [구성: 분량의 적절성]","<set018>
<level>L2</level>

안녕하세요? 
인사하세요!
이분이 제친구예요. 
이름이 유미예요. 
유미 씨는 러시아사람이에요. 
상트 페테르부르크에서 살아요. 
저는 유미씨를 참 좋아해요.
유미씨 전공이 경제학이에요. 
국제 경제가 재미있어요. 
이번 학기에 유미씨는 사학년이에요.
지금 독일에서 살아요. 
Schiller 대학교에서 경제학, 경영학 그리고 독일어를 배워요.
아주 어려워요!
유미 씨는 질문이 있어요.
독일 학생하고 연습 문제를 자주 해요.
그리고 이대학교에 러시아 학생도 많아요.
유미씨 부모님은 러시아에서 살아요. 
부모님은 상트 페테르부르크를 참 좋아해요. 
유미 씨도 언니가 하나 있어요.
이름이 영희예요.
모스크바에서 살아요.
영희 씨 전공이 법학이에요.
매일 법책을 읽어요. 영희씨하고 유미씨 사이가 좋아요!
유미 씨는 아주 예뻐요!
운동을 참 좋아해요.
유미 씨는 수영장하고 테니스 코트에 자주 가요.
어제 유미 씨는 제 방에 전화했어요. 
유미씨는 2007년 이월에 러시아에 가요.
지금 독일어 연습 때문에 아주 바빠요!
감사합니다!
 [내용: 주제의 명료성 ]","<set018>
<level>L2</level>

안녕하세요? 
인사하세요!
이분이 제친구예요. 
이름이 유미예요. 
유미 씨는 러시아사람이에요. 
상트 페테르부르크에서 살아요. 
저는 유미씨를 참 좋아해요.
유미씨 전공이 경제학이에요. 
국제 경제가 재미있어요. 
이번 학기에 유미씨는 사학년이에요.
지금 독일에서 살아요. 
Schiller 대학교에서 경제학, 경영학 그리고 독일어를 배워요.
아주 어려워요!
유미 씨는 질문이 있어요.
독일 학생하고 연습 문제를 자주 해요.
그리고 이대학교에 러시아 학생도 많아요.
유미씨 부모님은 러시아에서 살아요. 
부모님은 상트 페테르부르크를 참 좋아해요. 
유미 씨도 언니가 하나 있어요.
이름이 영희예요.
모스크바에서 살아요.
영희 씨 전공이 법학이에요.
매일 법책을 읽어요. 영희씨하고 유미씨 사이가 좋아요!
유미 씨는 아주 예뻐요!
운동을 참 좋아해요.
유미 씨는 수영장하고 테니스 코트에 자주 가요.
어제 유미 씨는 제 방에 전화했어요. 
유미씨는 2007년 이월에 러시아에 가요.
지금 독일어 연습 때문에 아주 바빠요!
감사합니다!
 [내용: 설명의 구체성]","<set018>
<level>L2</level>

안녕하세요? 
인사하세요!
이분이 제친구예요. 
이름이 유미예요. 
유미 씨는 러시아사람이에요. 
상트 페테르부르크에서 살아요. 
저는 유미씨를 참 좋아해요.
유미씨 전공이 경제학이에요. 
국제 경제가 재미있어요. 
이번 학기에 유미씨는 사학년이에요.
지금 독일에서 살아요. 
Schiller 대학교에서 경제학, 경영학 그리고 독일어를 배워요.
아주 어려워요!
유미 씨는 질문이 있어요.
독일 학생하고 연습 문제를 자주 해요.
그리고 이대학교에 러시아 학생도 많아요.
유미씨 부모님은 러시아에서 살아요. 
부모님은 상트 페테르부르크를 참 좋아해요. 
유미 씨도 언니가 하나 있어요.
이름이 영희예요.
모스크바에서 살아요.
영희 씨 전공이 법학이에요.
매일 법책을 읽어요. 영희씨하고 유미씨 사이가 좋아요!
유미 씨는 아주 예뻐요!
운동을 참 좋아해요.
유미 씨는 수영장하고 테니스 코트에 자주 가요.
어제 유미 씨는 제 방에 전화했어요. 
유미씨는 2007년 이월에 러시아에 가요.
지금 독일어 연습 때문에 아주 바빠요!
감사합니다!
 [내용: 사고의 창의성]","<set019>
<level>L2</level>

저는 학교 생활을 좋아해요. 
매일 수업은 많아요. 
왈요일에 한국어 수업을 있어요. 
여덟 시 삼십분에 시작해요. 
그렇지만 수학 숙제를 매왈요일까지 내요. 
화요일에서 수학 수업 하고 영화 수업이 있어요. 
영화 수업을 들어요. 
수학 수업은 오후 두 시 반에 시잔 해요. 
영화 수업은 오후 네 시에 시작해요. 
목요일도 수학 수업 하고 영화 수업을 있어요. 
금요일에 수학 수업만 있어요. 오후 한 시에 있어요. 
보통 매일 열두 시에 전심을 먹어요. 
학교 식당에 먹어요. 
저녁은 여섯 시쯤 먹어요. 
집에 먹어요. 
이번 학기에 네 과목을 들어요. 
한국어 수업, 영화 수업, 수학 수업 하고 컴퓨터 수업이 들어요. 
생활은 좀 바빠요. 그렇지만 아주 좋아해요. 
 [표현: 문법의 정확성]","<set019>
<level>L2</level>

저는 학교 생활을 좋아해요. 
매일 수업은 많아요. 
왈요일에 한국어 수업을 있어요. 
여덟 시 삼십분에 시작해요. 
그렇지만 수학 숙제를 매왈요일까지 내요. 
화요일에서 수학 수업 하고 영화 수업이 있어요. 
영화 수업을 들어요. 
수학 수업은 오후 두 시 반에 시잔 해요. 
영화 수업은 오후 네 시에 시작해요. 
목요일도 수학 수업 하고 영화 수업을 있어요. 
금요일에 수학 수업만 있어요. 오후 한 시에 있어요. 
보통 매일 열두 시에 전심을 먹어요. 
학교 식당에 먹어요. 
저녁은 여섯 시쯤 먹어요. 
집에 먹어요. 
이번 학기에 네 과목을 들어요. 
한국어 수업, 영화 수업, 수학 수업 하고 컴퓨터 수업이 들어요. 
생활은 좀 바빠요. 그렇지만 아주 좋아해요. 
 [표현: 단어 사용의 적절성]","<set019>
<level>L2</level>

저는 학교 생활을 좋아해요. 
매일 수업은 많아요. 
왈요일에 한국어 수업을 있어요. 
여덟 시 삼십분에 시작해요. 
그렇지만 수학 숙제를 매왈요일까지 내요. 
화요일에서 수학 수업 하고 영화 수업이 있어요. 
영화 수업을 들어요. 
수학 수업은 오후 두 시 반에 시잔 해요. 
영화 수업은 오후 네 시에 시작해요. 
목요일도 수학 수업 하고 영화 수업을 있어요. 
금요일에 수학 수업만 있어요. 오후 한 시에 있어요. 
보통 매일 열두 시에 전심을 먹어요. 
학교 식당에 먹어요. 
저녁은 여섯 시쯤 먹어요. 
집에 먹어요. 
이번 학기에 네 과목을 들어요. 
한국어 수업, 영화 수업, 수학 수업 하고 컴퓨터 수업이 들어요. 
생활은 좀 바빠요. 그렇지만 아주 좋아해요. 
 [표현: 문장 표현의 탄력성]","<set019>
<level>L2</level>

저는 학교 생활을 좋아해요. 
매일 수업은 많아요. 
왈요일에 한국어 수업을 있어요. 
여덟 시 삼십분에 시작해요. 
그렇지만 수학 숙제를 매왈요일까지 내요. 
화요일에서 수학 수업 하고 영화 수업이 있어요. 
영화 수업을 들어요. 
수학 수업은 오후 두 시 반에 시잔 해요. 
영화 수업은 오후 네 시에 시작해요. 
목요일도 수학 수업 하고 영화 수업을 있어요. 
금요일에 수학 수업만 있어요. 오후 한 시에 있어요. 
보통 매일 열두 시에 전심을 먹어요. 
학교 식당에 먹어요. 
저녁은 여섯 시쯤 먹어요. 
집에 먹어요. 
이번 학기에 네 과목을 들어요. 
한국어 수업, 영화 수업, 수학 수업 하고 컴퓨터 수업이 들어요. 
생활은 좀 바빠요. 그렇지만 아주 좋아해요. 
 [구성: 문단 내 구조의 적절성]","<set019>
<level>L2</level>

저는 학교 생활을 좋아해요. 
매일 수업은 많아요. 
왈요일에 한국어 수업을 있어요. 
여덟 시 삼십분에 시작해요. 
그렇지만 수학 숙제를 매왈요일까지 내요. 
화요일에서 수학 수업 하고 영화 수업이 있어요. 
영화 수업을 들어요. 
수학 수업은 오후 두 시 반에 시잔 해요. 
영화 수업은 오후 네 시에 시작해요. 
목요일도 수학 수업 하고 영화 수업을 있어요. 
금요일에 수학 수업만 있어요. 오후 한 시에 있어요. 
보통 매일 열두 시에 전심을 먹어요. 
학교 식당에 먹어요. 
저녁은 여섯 시쯤 먹어요. 
집에 먹어요. 
이번 학기에 네 과목을 들어요. 
한국어 수업, 영화 수업, 수학 수업 하고 컴퓨터 수업이 들어요. 
생활은 좀 바빠요. 그렇지만 아주 좋아해요. 
 [구성: 문단 간 구조의 적절성 ]","<set019>
<level>L2</level>

저는 학교 생활을 좋아해요. 
매일 수업은 많아요. 
왈요일에 한국어 수업을 있어요. 
여덟 시 삼십분에 시작해요. 
그렇지만 수학 숙제를 매왈요일까지 내요. 
화요일에서 수학 수업 하고 영화 수업이 있어요. 
영화 수업을 들어요. 
수학 수업은 오후 두 시 반에 시잔 해요. 
영화 수업은 오후 네 시에 시작해요. 
목요일도 수학 수업 하고 영화 수업을 있어요. 
금요일에 수학 수업만 있어요. 오후 한 시에 있어요. 
보통 매일 열두 시에 전심을 먹어요. 
학교 식당에 먹어요. 
저녁은 여섯 시쯤 먹어요. 
집에 먹어요. 
이번 학기에 네 과목을 들어요. 
한국어 수업, 영화 수업, 수학 수업 하고 컴퓨터 수업이 들어요. 
생활은 좀 바빠요. 그렇지만 아주 좋아해요. 
 [구성: 구조의 일관성]","<set019>
<level>L2</level>

저는 학교 생활을 좋아해요. 
매일 수업은 많아요. 
왈요일에 한국어 수업을 있어요. 
여덟 시 삼십분에 시작해요. 
그렇지만 수학 숙제를 매왈요일까지 내요. 
화요일에서 수학 수업 하고 영화 수업이 있어요. 
영화 수업을 들어요. 
수학 수업은 오후 두 시 반에 시잔 해요. 
영화 수업은 오후 네 시에 시작해요. 
목요일도 수학 수업 하고 영화 수업을 있어요. 
금요일에 수학 수업만 있어요. 오후 한 시에 있어요. 
보통 매일 열두 시에 전심을 먹어요. 
학교 식당에 먹어요. 
저녁은 여섯 시쯤 먹어요. 
집에 먹어요. 
이번 학기에 네 과목을 들어요. 
한국어 수업, 영화 수업, 수학 수업 하고 컴퓨터 수업이 들어요. 
생활은 좀 바빠요. 그렇지만 아주 좋아해요. 
 [구성: 분량의 적절성]","<set019>
<level>L2</level>

저는 학교 생활을 좋아해요. 
매일 수업은 많아요. 
왈요일에 한국어 수업을 있어요. 
여덟 시 삼십분에 시작해요. 
그렇지만 수학 숙제를 매왈요일까지 내요. 
화요일에서 수학 수업 하고 영화 수업이 있어요. 
영화 수업을 들어요. 
수학 수업은 오후 두 시 반에 시잔 해요. 
영화 수업은 오후 네 시에 시작해요. 
목요일도 수학 수업 하고 영화 수업을 있어요. 
금요일에 수학 수업만 있어요. 오후 한 시에 있어요. 
보통 매일 열두 시에 전심을 먹어요. 
학교 식당에 먹어요. 
저녁은 여섯 시쯤 먹어요. 
집에 먹어요. 
이번 학기에 네 과목을 들어요. 
한국어 수업, 영화 수업, 수학 수업 하고 컴퓨터 수업이 들어요. 
생활은 좀 바빠요. 그렇지만 아주 좋아해요. 
 [내용: 주제의 명료성 ]","<set019>
<level>L2</level>

저는 학교 생활을 좋아해요. 
매일 수업은 많아요. 
왈요일에 한국어 수업을 있어요. 
여덟 시 삼십분에 시작해요. 
그렇지만 수학 숙제를 매왈요일까지 내요. 
화요일에서 수학 수업 하고 영화 수업이 있어요. 
영화 수업을 들어요. 
수학 수업은 오후 두 시 반에 시잔 해요. 
영화 수업은 오후 네 시에 시작해요. 
목요일도 수학 수업 하고 영화 수업을 있어요. 
금요일에 수학 수업만 있어요. 오후 한 시에 있어요. 
보통 매일 열두 시에 전심을 먹어요. 
학교 식당에 먹어요. 
저녁은 여섯 시쯤 먹어요. 
집에 먹어요. 
이번 학기에 네 과목을 들어요. 
한국어 수업, 영화 수업, 수학 수업 하고 컴퓨터 수업이 들어요. 
생활은 좀 바빠요. 그렇지만 아주 좋아해요. 
 [내용: 설명의 구체성]","<set019>
<level>L2</level>

저는 학교 생활을 좋아해요. 
매일 수업은 많아요. 
왈요일에 한국어 수업을 있어요. 
여덟 시 삼십분에 시작해요. 
그렇지만 수학 숙제를 매왈요일까지 내요. 
화요일에서 수학 수업 하고 영화 수업이 있어요. 
영화 수업을 들어요. 
수학 수업은 오후 두 시 반에 시잔 해요. 
영화 수업은 오후 네 시에 시작해요. 
목요일도 수학 수업 하고 영화 수업을 있어요. 
금요일에 수학 수업만 있어요. 오후 한 시에 있어요. 
보통 매일 열두 시에 전심을 먹어요. 
학교 식당에 먹어요. 
저녁은 여섯 시쯤 먹어요. 
집에 먹어요. 
이번 학기에 네 과목을 들어요. 
한국어 수업, 영화 수업, 수학 수업 하고 컴퓨터 수업이 들어요. 
생활은 좀 바빠요. 그렇지만 아주 좋아해요. 
 [내용: 사고의 창의성]","<set020>
<level>L2</level>
<topic>취미</topic>

제 취미는 춤추기하고 독서하고 여행입니다. 
저는 소설책 읽는 것을 좋아합니다. 
그리고 시간하고 돈이 있을 때는 여행을 갑니다. 
저는 영화 보는 것도 좋아합니다. 
본 영화 중에서 Inception이 제일 좋았습니다. 
그리고 인도 영화 중에서 Jodha Akbar가 많이 좋습니다. 
저는 Jodha Akbar을 4번 봤습니다. 
저는 여행한 곳 중에서 New Orleans가 제일 좋았습니다. 
New Orleans에는 맜있는 음식도 있고 좋은 음악이 있습니다.
저는 한국에 여행 하러 가고 싶습니다. 
한국은 친구하고 가면 재미있을 것 같습니다.
 [표현: 문법의 정확성]","<set020>
<level>L2</level>
<topic>취미</topic>

제 취미는 춤추기하고 독서하고 여행입니다. 
저는 소설책 읽는 것을 좋아합니다. 
그리고 시간하고 돈이 있을 때는 여행을 갑니다. 
저는 영화 보는 것도 좋아합니다. 
본 영화 중에서 Inception이 제일 좋았습니다. 
그리고 인도 영화 중에서 Jodha Akbar가 많이 좋습니다. 
저는 Jodha Akbar을 4번 봤습니다. 
저는 여행한 곳 중에서 New Orleans가 제일 좋았습니다. 
New Orleans에는 맜있는 음식도 있고 좋은 음악이 있습니다.
저는 한국에 여행 하러 가고 싶습니다. 
한국은 친구하고 가면 재미있을 것 같습니다.
 [표현: 단어 사용의 적절성]","<set020>
<level>L2</level>
<topic>취미</topic>

제 취미는 춤추기하고 독서하고 여행입니다. 
저는 소설책 읽는 것을 좋아합니다. 
그리고 시간하고 돈이 있을 때는 여행을 갑니다. 
저는 영화 보는 것도 좋아합니다. 
본 영화 중에서 Inception이 제일 좋았습니다. 
그리고 인도 영화 중에서 Jodha Akbar가 많이 좋습니다. 
저는 Jodha Akbar을 4번 봤습니다. 
저는 여행한 곳 중에서 New Orleans가 제일 좋았습니다. 
New Orleans에는 맜있는 음식도 있고 좋은 음악이 있습니다.
저는 한국에 여행 하러 가고 싶습니다. 
한국은 친구하고 가면 재미있을 것 같습니다.
 [표현: 문장 표현의 탄력성]","<set020>
<level>L2</level>
<topic>취미</topic>

제 취미는 춤추기하고 독서하고 여행입니다. 
저는 소설책 읽는 것을 좋아합니다. 
그리고 시간하고 돈이 있을 때는 여행을 갑니다. 
저는 영화 보는 것도 좋아합니다. 
본 영화 중에서 Inception이 제일 좋았습니다. 
그리고 인도 영화 중에서 Jodha Akbar가 많이 좋습니다. 
저는 Jodha Akbar을 4번 봤습니다. 
저는 여행한 곳 중에서 New Orleans가 제일 좋았습니다. 
New Orleans에는 맜있는 음식도 있고 좋은 음악이 있습니다.
저는 한국에 여행 하러 가고 싶습니다. 
한국은 친구하고 가면 재미있을 것 같습니다.
 [구성: 문단 내 구조의 적절성]","<set020>
<level>L2</level>
<topic>취미</topic>

제 취미는 춤추기하고 독서하고 여행입니다. 
저는 소설책 읽는 것을 좋아합니다. 
그리고 시간하고 돈이 있을 때는 여행을 갑니다. 
저는 영화 보는 것도 좋아합니다. 
본 영화 중에서 Inception이 제일 좋았습니다. 
그리고 인도 영화 중에서 Jodha Akbar가 많이 좋습니다. 
저는 Jodha Akbar을 4번 봤습니다. 
저는 여행한 곳 중에서 New Orleans가 제일 좋았습니다. 
New Orleans에는 맜있는 음식도 있고 좋은 음악이 있습니다.
저는 한국에 여행 하러 가고 싶습니다. 
한국은 친구하고 가면 재미있을 것 같습니다.
 [구성: 문단 간 구조의 적절성 ]","<set020>
<level>L2</level>
<topic>취미</topic>

제 취미는 춤추기하고 독서하고 여행입니다. 
저는 소설책 읽는 것을 좋아합니다. 
그리고 시간하고 돈이 있을 때는 여행을 갑니다. 
저는 영화 보는 것도 좋아합니다. 
본 영화 중에서 Inception이 제일 좋았습니다. 
그리고 인도 영화 중에서 Jodha Akbar가 많이 좋습니다. 
저는 Jodha Akbar을 4번 봤습니다. 
저는 여행한 곳 중에서 New Orleans가 제일 좋았습니다. 
New Orleans에는 맜있는 음식도 있고 좋은 음악이 있습니다.
저는 한국에 여행 하러 가고 싶습니다. 
한국은 친구하고 가면 재미있을 것 같습니다.
 [구성: 구조의 일관성]","<set020>
<level>L2</level>
<topic>취미</topic>

제 취미는 춤추기하고 독서하고 여행입니다. 
저는 소설책 읽는 것을 좋아합니다. 
그리고 시간하고 돈이 있을 때는 여행을 갑니다. 
저는 영화 보는 것도 좋아합니다. 
본 영화 중에서 Inception이 제일 좋았습니다. 
그리고 인도 영화 중에서 Jodha Akbar가 많이 좋습니다. 
저는 Jodha Akbar을 4번 봤습니다. 
저는 여행한 곳 중에서 New Orleans가 제일 좋았습니다. 
New Orleans에는 맜있는 음식도 있고 좋은 음악이 있습니다.
저는 한국에 여행 하러 가고 싶습니다. 
한국은 친구하고 가면 재미있을 것 같습니다.
 [구성: 분량의 적절성]","<set020>
<level>L2</level>
<topic>취미</topic>

제 취미는 춤추기하고 독서하고 여행입니다. 
저는 소설책 읽는 것을 좋아합니다. 
그리고 시간하고 돈이 있을 때는 여행을 갑니다. 
저는 영화 보는 것도 좋아합니다. 
본 영화 중에서 Inception이 제일 좋았습니다. 
그리고 인도 영화 중에서 Jodha Akbar가 많이 좋습니다. 
저는 Jodha Akbar을 4번 봤습니다. 
저는 여행한 곳 중에서 New Orleans가 제일 좋았습니다. 
New Orleans에는 맜있는 음식도 있고 좋은 음악이 있습니다.
저는 한국에 여행 하러 가고 싶습니다. 
한국은 친구하고 가면 재미있을 것 같습니다.
 [내용: 주제의 명료성 ]","<set020>
<level>L2</level>
<topic>취미</topic>

제 취미는 춤추기하고 독서하고 여행입니다. 
저는 소설책 읽는 것을 좋아합니다. 
그리고 시간하고 돈이 있을 때는 여행을 갑니다. 
저는 영화 보는 것도 좋아합니다. 
본 영화 중에서 Inception이 제일 좋았습니다. 
그리고 인도 영화 중에서 Jodha Akbar가 많이 좋습니다. 
저는 Jodha Akbar을 4번 봤습니다. 
저는 여행한 곳 중에서 New Orleans가 제일 좋았습니다. 
New Orleans에는 맜있는 음식도 있고 좋은 음악이 있습니다.
저는 한국에 여행 하러 가고 싶습니다. 
한국은 친구하고 가면 재미있을 것 같습니다.
 [내용: 설명의 구체성]","<set020>
<level>L2</level>
<topic>취미</topic>

제 취미는 춤추기하고 독서하고 여행입니다. 
저는 소설책 읽는 것을 좋아합니다. 
그리고 시간하고 돈이 있을 때는 여행을 갑니다. 
저는 영화 보는 것도 좋아합니다. 
본 영화 중에서 Inception이 제일 좋았습니다. 
그리고 인도 영화 중에서 Jodha Akbar가 많이 좋습니다. 
저는 Jodha Akbar을 4번 봤습니다. 
저는 여행한 곳 중에서 New Orleans가 제일 좋았습니다. 
New Orleans에는 맜있는 음식도 있고 좋은 음악이 있습니다.
저는 한국에 여행 하러 가고 싶습니다. 
한국은 친구하고 가면 재미있을 것 같습니다.
 [내용: 사고의 창의성]","<set021>
<level>L2</level>
<topic>취미</topic>

저는 취미가 많이 있습니다. 
자주 하는 취미가 음악 듣기입니다.
매일 방에 공부하고 수제를 할 때 합니다.
영화 보기도 좋아합니다.
액션 영화와 공상 과학 영화와 멜로 영화와 가족 영화가 좋아합니다.
시간이 있을 때 보통 혼자 합니다.
가끔 하는 취미가 요리입니다. 
시간이 있고 채료가 있으면 음식을 만듭니다.
가끔 한 취미가 노래 부르기입니다.
시간이 없어서 친구들과 요즘 노래를 하지 않습니다.
이제 혼자 합니다. 
 [표현: 문법의 정확성]","<set021>
<level>L2</level>
<topic>취미</topic>

저는 취미가 많이 있습니다. 
자주 하는 취미가 음악 듣기입니다.
매일 방에 공부하고 수제를 할 때 합니다.
영화 보기도 좋아합니다.
액션 영화와 공상 과학 영화와 멜로 영화와 가족 영화가 좋아합니다.
시간이 있을 때 보통 혼자 합니다.
가끔 하는 취미가 요리입니다. 
시간이 있고 채료가 있으면 음식을 만듭니다.
가끔 한 취미가 노래 부르기입니다.
시간이 없어서 친구들과 요즘 노래를 하지 않습니다.
이제 혼자 합니다. 
 [표현: 단어 사용의 적절성]","<set021>
<level>L2</level>
<topic>취미</topic>

저는 취미가 많이 있습니다. 
자주 하는 취미가 음악 듣기입니다.
매일 방에 공부하고 수제를 할 때 합니다.
영화 보기도 좋아합니다.
액션 영화와 공상 과학 영화와 멜로 영화와 가족 영화가 좋아합니다.
시간이 있을 때 보통 혼자 합니다.
가끔 하는 취미가 요리입니다. 
시간이 있고 채료가 있으면 음식을 만듭니다.
가끔 한 취미가 노래 부르기입니다.
시간이 없어서 친구들과 요즘 노래를 하지 않습니다.
이제 혼자 합니다. 
 [표현: 문장 표현의 탄력성]","<set021>
<level>L2</level>
<topic>취미</topic>

저는 취미가 많이 있습니다. 
자주 하는 취미가 음악 듣기입니다.
매일 방에 공부하고 수제를 할 때 합니다.
영화 보기도 좋아합니다.
액션 영화와 공상 과학 영화와 멜로 영화와 가족 영화가 좋아합니다.
시간이 있을 때 보통 혼자 합니다.
가끔 하는 취미가 요리입니다. 
시간이 있고 채료가 있으면 음식을 만듭니다.
가끔 한 취미가 노래 부르기입니다.
시간이 없어서 친구들과 요즘 노래를 하지 않습니다.
이제 혼자 합니다. 
 [구성: 문단 내 구조의 적절성]","<set021>
<level>L2</level>
<topic>취미</topic>

저는 취미가 많이 있습니다. 
자주 하는 취미가 음악 듣기입니다.
매일 방에 공부하고 수제를 할 때 합니다.
영화 보기도 좋아합니다.
액션 영화와 공상 과학 영화와 멜로 영화와 가족 영화가 좋아합니다.
시간이 있을 때 보통 혼자 합니다.
가끔 하는 취미가 요리입니다. 
시간이 있고 채료가 있으면 음식을 만듭니다.
가끔 한 취미가 노래 부르기입니다.
시간이 없어서 친구들과 요즘 노래를 하지 않습니다.
이제 혼자 합니다. 
 [구성: 문단 간 구조의 적절성 ]","<set021>
<level>L2</level>
<topic>취미</topic>

저는 취미가 많이 있습니다. 
자주 하는 취미가 음악 듣기입니다.
매일 방에 공부하고 수제를 할 때 합니다.
영화 보기도 좋아합니다.
액션 영화와 공상 과학 영화와 멜로 영화와 가족 영화가 좋아합니다.
시간이 있을 때 보통 혼자 합니다.
가끔 하는 취미가 요리입니다. 
시간이 있고 채료가 있으면 음식을 만듭니다.
가끔 한 취미가 노래 부르기입니다.
시간이 없어서 친구들과 요즘 노래를 하지 않습니다.
이제 혼자 합니다. 
 [구성: 구조의 일관성]","<set021>
<level>L2</level>
<topic>취미</topic>

저는 취미가 많이 있습니다. 
자주 하는 취미가 음악 듣기입니다.
매일 방에 공부하고 수제를 할 때 합니다.
영화 보기도 좋아합니다.
액션 영화와 공상 과학 영화와 멜로 영화와 가족 영화가 좋아합니다.
시간이 있을 때 보통 혼자 합니다.
가끔 하는 취미가 요리입니다. 
시간이 있고 채료가 있으면 음식을 만듭니다.
가끔 한 취미가 노래 부르기입니다.
시간이 없어서 친구들과 요즘 노래를 하지 않습니다.
이제 혼자 합니다. 
 [구성: 분량의 적절성]","<set021>
<level>L2</level>
<topic>취미</topic>

저는 취미가 많이 있습니다. 
자주 하는 취미가 음악 듣기입니다.
매일 방에 공부하고 수제를 할 때 합니다.
영화 보기도 좋아합니다.
액션 영화와 공상 과학 영화와 멜로 영화와 가족 영화가 좋아합니다.
시간이 있을 때 보통 혼자 합니다.
가끔 하는 취미가 요리입니다. 
시간이 있고 채료가 있으면 음식을 만듭니다.
가끔 한 취미가 노래 부르기입니다.
시간이 없어서 친구들과 요즘 노래를 하지 않습니다.
이제 혼자 합니다. 
 [내용: 주제의 명료성 ]","<set021>
<level>L2</level>
<topic>취미</topic>

저는 취미가 많이 있습니다. 
자주 하는 취미가 음악 듣기입니다.
매일 방에 공부하고 수제를 할 때 합니다.
영화 보기도 좋아합니다.
액션 영화와 공상 과학 영화와 멜로 영화와 가족 영화가 좋아합니다.
시간이 있을 때 보통 혼자 합니다.
가끔 하는 취미가 요리입니다. 
시간이 있고 채료가 있으면 음식을 만듭니다.
가끔 한 취미가 노래 부르기입니다.
시간이 없어서 친구들과 요즘 노래를 하지 않습니다.
이제 혼자 합니다. 
 [내용: 설명의 구체성]","<set021>
<level>L2</level>
<topic>취미</topic>

저는 취미가 많이 있습니다. 
자주 하는 취미가 음악 듣기입니다.
매일 방에 공부하고 수제를 할 때 합니다.
영화 보기도 좋아합니다.
액션 영화와 공상 과학 영화와 멜로 영화와 가족 영화가 좋아합니다.
시간이 있을 때 보통 혼자 합니다.
가끔 하는 취미가 요리입니다. 
시간이 있고 채료가 있으면 음식을 만듭니다.
가끔 한 취미가 노래 부르기입니다.
시간이 없어서 친구들과 요즘 노래를 하지 않습니다.
이제 혼자 합니다. 
 [내용: 사고의 창의성]","<set022>
<level>L2</level>
<topic>취미</topic>

제 취미는 음악 감상입니다.
음악을 아주 좋아합니다.
제가 고등학생 있을 때 피아노와 바이올린을 자주 했습니다. 
지금 시간이 없는데 피아노 음악을 듣습니다.
저는 노래 부르기도 좋아합니다.
고향에 노래방이 없는데 그래서 우리 집에서 CD같이 노래 합니다. 
지금 저는 학교에 노래 부르기 수업을 듣습니다. 
재미있지만 조금 어려웁니다.
지금 저는 음악 꾸민 (music engineering) 좋아해서 음악 자주 듣습니다.
저는 가수나 피아니스트 일 수 없는데 음악을 역시 좋아합니다.
아마 장래에 음악 연출가 일 거에요.
이것은 제 꿈입니다.
지금 당장은 수업을 열심히 하겠습니다.
 [표현: 문법의 정확성]","<set022>
<level>L2</level>
<topic>취미</topic>

제 취미는 음악 감상입니다.
음악을 아주 좋아합니다.
제가 고등학생 있을 때 피아노와 바이올린을 자주 했습니다. 
지금 시간이 없는데 피아노 음악을 듣습니다.
저는 노래 부르기도 좋아합니다.
고향에 노래방이 없는데 그래서 우리 집에서 CD같이 노래 합니다. 
지금 저는 학교에 노래 부르기 수업을 듣습니다. 
재미있지만 조금 어려웁니다.
지금 저는 음악 꾸민 (music engineering) 좋아해서 음악 자주 듣습니다.
저는 가수나 피아니스트 일 수 없는데 음악을 역시 좋아합니다.
아마 장래에 음악 연출가 일 거에요.
이것은 제 꿈입니다.
지금 당장은 수업을 열심히 하겠습니다.
 [표현: 단어 사용의 적절성]","<set022>
<level>L2</level>
<topic>취미</topic>

제 취미는 음악 감상입니다.
음악을 아주 좋아합니다.
제가 고등학생 있을 때 피아노와 바이올린을 자주 했습니다. 
지금 시간이 없는데 피아노 음악을 듣습니다.
저는 노래 부르기도 좋아합니다.
고향에 노래방이 없는데 그래서 우리 집에서 CD같이 노래 합니다. 
지금 저는 학교에 노래 부르기 수업을 듣습니다. 
재미있지만 조금 어려웁니다.
지금 저는 음악 꾸민 (music engineering) 좋아해서 음악 자주 듣습니다.
저는 가수나 피아니스트 일 수 없는데 음악을 역시 좋아합니다.
아마 장래에 음악 연출가 일 거에요.
이것은 제 꿈입니다.
지금 당장은 수업을 열심히 하겠습니다.
 [표현: 문장 표현의 탄력성]","<set022>
<level>L2</level>
<topic>취미</topic>

제 취미는 음악 감상입니다.
음악을 아주 좋아합니다.
제가 고등학생 있을 때 피아노와 바이올린을 자주 했습니다. 
지금 시간이 없는데 피아노 음악을 듣습니다.
저는 노래 부르기도 좋아합니다.
고향에 노래방이 없는데 그래서 우리 집에서 CD같이 노래 합니다. 
지금 저는 학교에 노래 부르기 수업을 듣습니다. 
재미있지만 조금 어려웁니다.
지금 저는 음악 꾸민 (music engineering) 좋아해서 음악 자주 듣습니다.
저는 가수나 피아니스트 일 수 없는데 음악을 역시 좋아합니다.
아마 장래에 음악 연출가 일 거에요.
이것은 제 꿈입니다.
지금 당장은 수업을 열심히 하겠습니다.
 [구성: 문단 내 구조의 적절성]","<set022>
<level>L2</level>
<topic>취미</topic>

제 취미는 음악 감상입니다.
음악을 아주 좋아합니다.
제가 고등학생 있을 때 피아노와 바이올린을 자주 했습니다. 
지금 시간이 없는데 피아노 음악을 듣습니다.
저는 노래 부르기도 좋아합니다.
고향에 노래방이 없는데 그래서 우리 집에서 CD같이 노래 합니다. 
지금 저는 학교에 노래 부르기 수업을 듣습니다. 
재미있지만 조금 어려웁니다.
지금 저는 음악 꾸민 (music engineering) 좋아해서 음악 자주 듣습니다.
저는 가수나 피아니스트 일 수 없는데 음악을 역시 좋아합니다.
아마 장래에 음악 연출가 일 거에요.
이것은 제 꿈입니다.
지금 당장은 수업을 열심히 하겠습니다.
 [구성: 문단 간 구조의 적절성 ]","<set022>
<level>L2</level>
<topic>취미</topic>

제 취미는 음악 감상입니다.
음악을 아주 좋아합니다.
제가 고등학생 있을 때 피아노와 바이올린을 자주 했습니다. 
지금 시간이 없는데 피아노 음악을 듣습니다.
저는 노래 부르기도 좋아합니다.
고향에 노래방이 없는데 그래서 우리 집에서 CD같이 노래 합니다. 
지금 저는 학교에 노래 부르기 수업을 듣습니다. 
재미있지만 조금 어려웁니다.
지금 저는 음악 꾸민 (music engineering) 좋아해서 음악 자주 듣습니다.
저는 가수나 피아니스트 일 수 없는데 음악을 역시 좋아합니다.
아마 장래에 음악 연출가 일 거에요.
이것은 제 꿈입니다.
지금 당장은 수업을 열심히 하겠습니다.
 [구성: 구조의 일관성]","<set022>
<level>L2</level>
<topic>취미</topic>

제 취미는 음악 감상입니다.
음악을 아주 좋아합니다.
제가 고등학생 있을 때 피아노와 바이올린을 자주 했습니다. 
지금 시간이 없는데 피아노 음악을 듣습니다.
저는 노래 부르기도 좋아합니다.
고향에 노래방이 없는데 그래서 우리 집에서 CD같이 노래 합니다. 
지금 저는 학교에 노래 부르기 수업을 듣습니다. 
재미있지만 조금 어려웁니다.
지금 저는 음악 꾸민 (music engineering) 좋아해서 음악 자주 듣습니다.
저는 가수나 피아니스트 일 수 없는데 음악을 역시 좋아합니다.
아마 장래에 음악 연출가 일 거에요.
이것은 제 꿈입니다.
지금 당장은 수업을 열심히 하겠습니다.
 [구성: 분량의 적절성]","<set022>
<level>L2</level>
<topic>취미</topic>

제 취미는 음악 감상입니다.
음악을 아주 좋아합니다.
제가 고등학생 있을 때 피아노와 바이올린을 자주 했습니다. 
지금 시간이 없는데 피아노 음악을 듣습니다.
저는 노래 부르기도 좋아합니다.
고향에 노래방이 없는데 그래서 우리 집에서 CD같이 노래 합니다. 
지금 저는 학교에 노래 부르기 수업을 듣습니다. 
재미있지만 조금 어려웁니다.
지금 저는 음악 꾸민 (music engineering) 좋아해서 음악 자주 듣습니다.
저는 가수나 피아니스트 일 수 없는데 음악을 역시 좋아합니다.
아마 장래에 음악 연출가 일 거에요.
이것은 제 꿈입니다.
지금 당장은 수업을 열심히 하겠습니다.
 [내용: 주제의 명료성 ]","<set022>
<level>L2</level>
<topic>취미</topic>

제 취미는 음악 감상입니다.
음악을 아주 좋아합니다.
제가 고등학생 있을 때 피아노와 바이올린을 자주 했습니다. 
지금 시간이 없는데 피아노 음악을 듣습니다.
저는 노래 부르기도 좋아합니다.
고향에 노래방이 없는데 그래서 우리 집에서 CD같이 노래 합니다. 
지금 저는 학교에 노래 부르기 수업을 듣습니다. 
재미있지만 조금 어려웁니다.
지금 저는 음악 꾸민 (music engineering) 좋아해서 음악 자주 듣습니다.
저는 가수나 피아니스트 일 수 없는데 음악을 역시 좋아합니다.
아마 장래에 음악 연출가 일 거에요.
이것은 제 꿈입니다.
지금 당장은 수업을 열심히 하겠습니다.
 [내용: 설명의 구체성]","<set022>
<level>L2</level>
<topic>취미</topic>

제 취미는 음악 감상입니다.
음악을 아주 좋아합니다.
제가 고등학생 있을 때 피아노와 바이올린을 자주 했습니다. 
지금 시간이 없는데 피아노 음악을 듣습니다.
저는 노래 부르기도 좋아합니다.
고향에 노래방이 없는데 그래서 우리 집에서 CD같이 노래 합니다. 
지금 저는 학교에 노래 부르기 수업을 듣습니다. 
재미있지만 조금 어려웁니다.
지금 저는 음악 꾸민 (music engineering) 좋아해서 음악 자주 듣습니다.
저는 가수나 피아니스트 일 수 없는데 음악을 역시 좋아합니다.
아마 장래에 음악 연출가 일 거에요.
이것은 제 꿈입니다.
지금 당장은 수업을 열심히 하겠습니다.
 [내용: 사고의 창의성]","<set023>
<level>L2</level>
<topic>취미</topic>

제 취미는 노래 부르기하고 독서입니다. 
저는 수요일 하고 토요일에 awaaz practice에 갑니다. 
Awaaz에 저는 친구하고 인도하고 미국 노래를 보릅니다. 
저는 음악 감상도 좋아합니다.
저는 날마다 음악을 듣습니다.
저는 책 읽기를 좋아하서 책방에 자주 가요.
저는 그림 그리기도 좋아해요.
저는 심심할 때 자주 그림 그립니다.
저는 요리도 좋아해요.
저는 가끔 어머니하고 인도 음식을 만듭니다.
 [표현: 문법의 정확성]","<set023>
<level>L2</level>
<topic>취미</topic>

제 취미는 노래 부르기하고 독서입니다. 
저는 수요일 하고 토요일에 awaaz practice에 갑니다. 
Awaaz에 저는 친구하고 인도하고 미국 노래를 보릅니다. 
저는 음악 감상도 좋아합니다.
저는 날마다 음악을 듣습니다.
저는 책 읽기를 좋아하서 책방에 자주 가요.
저는 그림 그리기도 좋아해요.
저는 심심할 때 자주 그림 그립니다.
저는 요리도 좋아해요.
저는 가끔 어머니하고 인도 음식을 만듭니다.
 [표현: 단어 사용의 적절성]","<set023>
<level>L2</level>
<topic>취미</topic>

제 취미는 노래 부르기하고 독서입니다. 
저는 수요일 하고 토요일에 awaaz practice에 갑니다. 
Awaaz에 저는 친구하고 인도하고 미국 노래를 보릅니다. 
저는 음악 감상도 좋아합니다.
저는 날마다 음악을 듣습니다.
저는 책 읽기를 좋아하서 책방에 자주 가요.
저는 그림 그리기도 좋아해요.
저는 심심할 때 자주 그림 그립니다.
저는 요리도 좋아해요.
저는 가끔 어머니하고 인도 음식을 만듭니다.
 [표현: 문장 표현의 탄력성]","<set023>
<level>L2</level>
<topic>취미</topic>

제 취미는 노래 부르기하고 독서입니다. 
저는 수요일 하고 토요일에 awaaz practice에 갑니다. 
Awaaz에 저는 친구하고 인도하고 미국 노래를 보릅니다. 
저는 음악 감상도 좋아합니다.
저는 날마다 음악을 듣습니다.
저는 책 읽기를 좋아하서 책방에 자주 가요.
저는 그림 그리기도 좋아해요.
저는 심심할 때 자주 그림 그립니다.
저는 요리도 좋아해요.
저는 가끔 어머니하고 인도 음식을 만듭니다.
 [구성: 문단 내 구조의 적절성]","<set023>
<level>L2</level>
<topic>취미</topic>

제 취미는 노래 부르기하고 독서입니다. 
저는 수요일 하고 토요일에 awaaz practice에 갑니다. 
Awaaz에 저는 친구하고 인도하고 미국 노래를 보릅니다. 
저는 음악 감상도 좋아합니다.
저는 날마다 음악을 듣습니다.
저는 책 읽기를 좋아하서 책방에 자주 가요.
저는 그림 그리기도 좋아해요.
저는 심심할 때 자주 그림 그립니다.
저는 요리도 좋아해요.
저는 가끔 어머니하고 인도 음식을 만듭니다.
 [구성: 문단 간 구조의 적절성 ]","<set023>
<level>L2</level>
<topic>취미</topic>

제 취미는 노래 부르기하고 독서입니다. 
저는 수요일 하고 토요일에 awaaz practice에 갑니다. 
Awaaz에 저는 친구하고 인도하고 미국 노래를 보릅니다. 
저는 음악 감상도 좋아합니다.
저는 날마다 음악을 듣습니다.
저는 책 읽기를 좋아하서 책방에 자주 가요.
저는 그림 그리기도 좋아해요.
저는 심심할 때 자주 그림 그립니다.
저는 요리도 좋아해요.
저는 가끔 어머니하고 인도 음식을 만듭니다.
 [구성: 구조의 일관성]","<set023>
<level>L2</level>
<topic>취미</topic>

제 취미는 노래 부르기하고 독서입니다. 
저는 수요일 하고 토요일에 awaaz practice에 갑니다. 
Awaaz에 저는 친구하고 인도하고 미국 노래를 보릅니다. 
저는 음악 감상도 좋아합니다.
저는 날마다 음악을 듣습니다.
저는 책 읽기를 좋아하서 책방에 자주 가요.
저는 그림 그리기도 좋아해요.
저는 심심할 때 자주 그림 그립니다.
저는 요리도 좋아해요.
저는 가끔 어머니하고 인도 음식을 만듭니다.
 [구성: 분량의 적절성]","<set023>
<level>L2</level>
<topic>취미</topic>

제 취미는 노래 부르기하고 독서입니다. 
저는 수요일 하고 토요일에 awaaz practice에 갑니다. 
Awaaz에 저는 친구하고 인도하고 미국 노래를 보릅니다. 
저는 음악 감상도 좋아합니다.
저는 날마다 음악을 듣습니다.
저는 책 읽기를 좋아하서 책방에 자주 가요.
저는 그림 그리기도 좋아해요.
저는 심심할 때 자주 그림 그립니다.
저는 요리도 좋아해요.
저는 가끔 어머니하고 인도 음식을 만듭니다.
 [내용: 주제의 명료성 ]","<set023>
<level>L2</level>
<topic>취미</topic>

제 취미는 노래 부르기하고 독서입니다. 
저는 수요일 하고 토요일에 awaaz practice에 갑니다. 
Awaaz에 저는 친구하고 인도하고 미국 노래를 보릅니다. 
저는 음악 감상도 좋아합니다.
저는 날마다 음악을 듣습니다.
저는 책 읽기를 좋아하서 책방에 자주 가요.
저는 그림 그리기도 좋아해요.
저는 심심할 때 자주 그림 그립니다.
저는 요리도 좋아해요.
저는 가끔 어머니하고 인도 음식을 만듭니다.
 [내용: 설명의 구체성]","<set023>
<level>L2</level>
<topic>취미</topic>

제 취미는 노래 부르기하고 독서입니다. 
저는 수요일 하고 토요일에 awaaz practice에 갑니다. 
Awaaz에 저는 친구하고 인도하고 미국 노래를 보릅니다. 
저는 음악 감상도 좋아합니다.
저는 날마다 음악을 듣습니다.
저는 책 읽기를 좋아하서 책방에 자주 가요.
저는 그림 그리기도 좋아해요.
저는 심심할 때 자주 그림 그립니다.
저는 요리도 좋아해요.
저는 가끔 어머니하고 인도 음식을 만듭니다.
 [내용: 사고의 창의성]","<set024>
<level>L2</level>
<topic>취미</topic>

제 취미는 드라마 보기입니다.
인터넷에서 볼 수 있습니다.
매일 수업이 끝나서 드라마나 코메디 쇼를 봅니다.
드라마가 아주 재미있고 이야기를 복잡합니다.
남배우들은 멋지고 여배우들은 예쁩니다.
드라마 안에 한국 음악을 들 수 있고 한국 경치도 볼 수 있습니다.
저 시간이 있을 대는 요리 좋아합니다.
저 음식을 잘 먹어서 요리를 자주 합니다.
중국 음식은 잘 만듭니다.
음식을 만든 후에 드라마를 보고 음식을 먹습니다.
 [표현: 문법의 정확성]","<set024>
<level>L2</level>
<topic>취미</topic>

제 취미는 드라마 보기입니다.
인터넷에서 볼 수 있습니다.
매일 수업이 끝나서 드라마나 코메디 쇼를 봅니다.
드라마가 아주 재미있고 이야기를 복잡합니다.
남배우들은 멋지고 여배우들은 예쁩니다.
드라마 안에 한국 음악을 들 수 있고 한국 경치도 볼 수 있습니다.
저 시간이 있을 대는 요리 좋아합니다.
저 음식을 잘 먹어서 요리를 자주 합니다.
중국 음식은 잘 만듭니다.
음식을 만든 후에 드라마를 보고 음식을 먹습니다.
 [표현: 단어 사용의 적절성]","<set024>
<level>L2</level>
<topic>취미</topic>

제 취미는 드라마 보기입니다.
인터넷에서 볼 수 있습니다.
매일 수업이 끝나서 드라마나 코메디 쇼를 봅니다.
드라마가 아주 재미있고 이야기를 복잡합니다.
남배우들은 멋지고 여배우들은 예쁩니다.
드라마 안에 한국 음악을 들 수 있고 한국 경치도 볼 수 있습니다.
저 시간이 있을 대는 요리 좋아합니다.
저 음식을 잘 먹어서 요리를 자주 합니다.
중국 음식은 잘 만듭니다.
음식을 만든 후에 드라마를 보고 음식을 먹습니다.
 [표현: 문장 표현의 탄력성]","<set024>
<level>L2</level>
<topic>취미</topic>

제 취미는 드라마 보기입니다.
인터넷에서 볼 수 있습니다.
매일 수업이 끝나서 드라마나 코메디 쇼를 봅니다.
드라마가 아주 재미있고 이야기를 복잡합니다.
남배우들은 멋지고 여배우들은 예쁩니다.
드라마 안에 한국 음악을 들 수 있고 한국 경치도 볼 수 있습니다.
저 시간이 있을 대는 요리 좋아합니다.
저 음식을 잘 먹어서 요리를 자주 합니다.
중국 음식은 잘 만듭니다.
음식을 만든 후에 드라마를 보고 음식을 먹습니다.
 [구성: 문단 내 구조의 적절성]","<set024>
<level>L2</level>
<topic>취미</topic>

제 취미는 드라마 보기입니다.
인터넷에서 볼 수 있습니다.
매일 수업이 끝나서 드라마나 코메디 쇼를 봅니다.
드라마가 아주 재미있고 이야기를 복잡합니다.
남배우들은 멋지고 여배우들은 예쁩니다.
드라마 안에 한국 음악을 들 수 있고 한국 경치도 볼 수 있습니다.
저 시간이 있을 대는 요리 좋아합니다.
저 음식을 잘 먹어서 요리를 자주 합니다.
중국 음식은 잘 만듭니다.
음식을 만든 후에 드라마를 보고 음식을 먹습니다.
 [구성: 문단 간 구조의 적절성 ]","<set024>
<level>L2</level>
<topic>취미</topic>

제 취미는 드라마 보기입니다.
인터넷에서 볼 수 있습니다.
매일 수업이 끝나서 드라마나 코메디 쇼를 봅니다.
드라마가 아주 재미있고 이야기를 복잡합니다.
남배우들은 멋지고 여배우들은 예쁩니다.
드라마 안에 한국 음악을 들 수 있고 한국 경치도 볼 수 있습니다.
저 시간이 있을 대는 요리 좋아합니다.
저 음식을 잘 먹어서 요리를 자주 합니다.
중국 음식은 잘 만듭니다.
음식을 만든 후에 드라마를 보고 음식을 먹습니다.
 [구성: 구조의 일관성]","<set024>
<level>L2</level>
<topic>취미</topic>

제 취미는 드라마 보기입니다.
인터넷에서 볼 수 있습니다.
매일 수업이 끝나서 드라마나 코메디 쇼를 봅니다.
드라마가 아주 재미있고 이야기를 복잡합니다.
남배우들은 멋지고 여배우들은 예쁩니다.
드라마 안에 한국 음악을 들 수 있고 한국 경치도 볼 수 있습니다.
저 시간이 있을 대는 요리 좋아합니다.
저 음식을 잘 먹어서 요리를 자주 합니다.
중국 음식은 잘 만듭니다.
음식을 만든 후에 드라마를 보고 음식을 먹습니다.
 [구성: 분량의 적절성]","<set024>
<level>L2</level>
<topic>취미</topic>

제 취미는 드라마 보기입니다.
인터넷에서 볼 수 있습니다.
매일 수업이 끝나서 드라마나 코메디 쇼를 봅니다.
드라마가 아주 재미있고 이야기를 복잡합니다.
남배우들은 멋지고 여배우들은 예쁩니다.
드라마 안에 한국 음악을 들 수 있고 한국 경치도 볼 수 있습니다.
저 시간이 있을 대는 요리 좋아합니다.
저 음식을 잘 먹어서 요리를 자주 합니다.
중국 음식은 잘 만듭니다.
음식을 만든 후에 드라마를 보고 음식을 먹습니다.
 [내용: 주제의 명료성 ]","<set024>
<level>L2</level>
<topic>취미</topic>

제 취미는 드라마 보기입니다.
인터넷에서 볼 수 있습니다.
매일 수업이 끝나서 드라마나 코메디 쇼를 봅니다.
드라마가 아주 재미있고 이야기를 복잡합니다.
남배우들은 멋지고 여배우들은 예쁩니다.
드라마 안에 한국 음악을 들 수 있고 한국 경치도 볼 수 있습니다.
저 시간이 있을 대는 요리 좋아합니다.
저 음식을 잘 먹어서 요리를 자주 합니다.
중국 음식은 잘 만듭니다.
음식을 만든 후에 드라마를 보고 음식을 먹습니다.
 [내용: 설명의 구체성]","<set024>
<level>L2</level>
<topic>취미</topic>

제 취미는 드라마 보기입니다.
인터넷에서 볼 수 있습니다.
매일 수업이 끝나서 드라마나 코메디 쇼를 봅니다.
드라마가 아주 재미있고 이야기를 복잡합니다.
남배우들은 멋지고 여배우들은 예쁩니다.
드라마 안에 한국 음악을 들 수 있고 한국 경치도 볼 수 있습니다.
저 시간이 있을 대는 요리 좋아합니다.
저 음식을 잘 먹어서 요리를 자주 합니다.
중국 음식은 잘 만듭니다.
음식을 만든 후에 드라마를 보고 음식을 먹습니다.
 [내용: 사고의 창의성]","<set025>
<level>L2</level>
<topic>취미</topic>


저는 음악을 아주 좋습니다.
그러니까 제 취미는 노래 부르기와 춤 추기와 바이올린 치기 있습니다.
고등학교에서 choir 안에 노래하고 orchestra 안에 쳤습니다.
지금 orchestra 안에 치지 않지만 아직 choir 안에 노래합니다.
그리고 수요일에 chamber singers 안에 노래합니다.
Chamber singers가 choir 보다 작습니다.
아주 재미있습니다.
일요일과 월요일과 목요일에 FreeStyle 춤 연습 있습니다.
시간이 있으면 영화를 보고 책을 읽습니다.
액션 영화와 소설책을 정말 좋아합니다.
다른 취미는 음악 듣기 있습니다.
보통에 쉬고 있으면 음악을 듣습니다.
하지만 가끔 숙제를 하고 있으면 음악을 듣습니다.
 [표현: 문법의 정확성]","<set025>
<level>L2</level>
<topic>취미</topic>


저는 음악을 아주 좋습니다.
그러니까 제 취미는 노래 부르기와 춤 추기와 바이올린 치기 있습니다.
고등학교에서 choir 안에 노래하고 orchestra 안에 쳤습니다.
지금 orchestra 안에 치지 않지만 아직 choir 안에 노래합니다.
그리고 수요일에 chamber singers 안에 노래합니다.
Chamber singers가 choir 보다 작습니다.
아주 재미있습니다.
일요일과 월요일과 목요일에 FreeStyle 춤 연습 있습니다.
시간이 있으면 영화를 보고 책을 읽습니다.
액션 영화와 소설책을 정말 좋아합니다.
다른 취미는 음악 듣기 있습니다.
보통에 쉬고 있으면 음악을 듣습니다.
하지만 가끔 숙제를 하고 있으면 음악을 듣습니다.
 [표현: 단어 사용의 적절성]","<set025>
<level>L2</level>
<topic>취미</topic>


저는 음악을 아주 좋습니다.
그러니까 제 취미는 노래 부르기와 춤 추기와 바이올린 치기 있습니다.
고등학교에서 choir 안에 노래하고 orchestra 안에 쳤습니다.
지금 orchestra 안에 치지 않지만 아직 choir 안에 노래합니다.
그리고 수요일에 chamber singers 안에 노래합니다.
Chamber singers가 choir 보다 작습니다.
아주 재미있습니다.
일요일과 월요일과 목요일에 FreeStyle 춤 연습 있습니다.
시간이 있으면 영화를 보고 책을 읽습니다.
액션 영화와 소설책을 정말 좋아합니다.
다른 취미는 음악 듣기 있습니다.
보통에 쉬고 있으면 음악을 듣습니다.
하지만 가끔 숙제를 하고 있으면 음악을 듣습니다.
 [표현: 문장 표현의 탄력성]","<set025>
<level>L2</level>
<topic>취미</topic>


저는 음악을 아주 좋습니다.
그러니까 제 취미는 노래 부르기와 춤 추기와 바이올린 치기 있습니다.
고등학교에서 choir 안에 노래하고 orchestra 안에 쳤습니다.
지금 orchestra 안에 치지 않지만 아직 choir 안에 노래합니다.
그리고 수요일에 chamber singers 안에 노래합니다.
Chamber singers가 choir 보다 작습니다.
아주 재미있습니다.
일요일과 월요일과 목요일에 FreeStyle 춤 연습 있습니다.
시간이 있으면 영화를 보고 책을 읽습니다.
액션 영화와 소설책을 정말 좋아합니다.
다른 취미는 음악 듣기 있습니다.
보통에 쉬고 있으면 음악을 듣습니다.
하지만 가끔 숙제를 하고 있으면 음악을 듣습니다.
 [구성: 문단 내 구조의 적절성]","<set025>
<level>L2</level>
<topic>취미</topic>


저는 음악을 아주 좋습니다.
그러니까 제 취미는 노래 부르기와 춤 추기와 바이올린 치기 있습니다.
고등학교에서 choir 안에 노래하고 orchestra 안에 쳤습니다.
지금 orchestra 안에 치지 않지만 아직 choir 안에 노래합니다.
그리고 수요일에 chamber singers 안에 노래합니다.
Chamber singers가 choir 보다 작습니다.
아주 재미있습니다.
일요일과 월요일과 목요일에 FreeStyle 춤 연습 있습니다.
시간이 있으면 영화를 보고 책을 읽습니다.
액션 영화와 소설책을 정말 좋아합니다.
다른 취미는 음악 듣기 있습니다.
보통에 쉬고 있으면 음악을 듣습니다.
하지만 가끔 숙제를 하고 있으면 음악을 듣습니다.
 [구성: 문단 간 구조의 적절성 ]","<set025>
<level>L2</level>
<topic>취미</topic>


저는 음악을 아주 좋습니다.
그러니까 제 취미는 노래 부르기와 춤 추기와 바이올린 치기 있습니다.
고등학교에서 choir 안에 노래하고 orchestra 안에 쳤습니다.
지금 orchestra 안에 치지 않지만 아직 choir 안에 노래합니다.
그리고 수요일에 chamber singers 안에 노래합니다.
Chamber singers가 choir 보다 작습니다.
아주 재미있습니다.
일요일과 월요일과 목요일에 FreeStyle 춤 연습 있습니다.
시간이 있으면 영화를 보고 책을 읽습니다.
액션 영화와 소설책을 정말 좋아합니다.
다른 취미는 음악 듣기 있습니다.
보통에 쉬고 있으면 음악을 듣습니다.
하지만 가끔 숙제를 하고 있으면 음악을 듣습니다.
 [구성: 구조의 일관성]","<set025>
<level>L2</level>
<topic>취미</topic>


저는 음악을 아주 좋습니다.
그러니까 제 취미는 노래 부르기와 춤 추기와 바이올린 치기 있습니다.
고등학교에서 choir 안에 노래하고 orchestra 안에 쳤습니다.
지금 orchestra 안에 치지 않지만 아직 choir 안에 노래합니다.
그리고 수요일에 chamber singers 안에 노래합니다.
Chamber singers가 choir 보다 작습니다.
아주 재미있습니다.
일요일과 월요일과 목요일에 FreeStyle 춤 연습 있습니다.
시간이 있으면 영화를 보고 책을 읽습니다.
액션 영화와 소설책을 정말 좋아합니다.
다른 취미는 음악 듣기 있습니다.
보통에 쉬고 있으면 음악을 듣습니다.
하지만 가끔 숙제를 하고 있으면 음악을 듣습니다.
 [구성: 분량의 적절성]","<set025>
<level>L2</level>
<topic>취미</topic>


저는 음악을 아주 좋습니다.
그러니까 제 취미는 노래 부르기와 춤 추기와 바이올린 치기 있습니다.
고등학교에서 choir 안에 노래하고 orchestra 안에 쳤습니다.
지금 orchestra 안에 치지 않지만 아직 choir 안에 노래합니다.
그리고 수요일에 chamber singers 안에 노래합니다.
Chamber singers가 choir 보다 작습니다.
아주 재미있습니다.
일요일과 월요일과 목요일에 FreeStyle 춤 연습 있습니다.
시간이 있으면 영화를 보고 책을 읽습니다.
액션 영화와 소설책을 정말 좋아합니다.
다른 취미는 음악 듣기 있습니다.
보통에 쉬고 있으면 음악을 듣습니다.
하지만 가끔 숙제를 하고 있으면 음악을 듣습니다.
 [내용: 주제의 명료성 ]","<set025>
<level>L2</level>
<topic>취미</topic>


저는 음악을 아주 좋습니다.
그러니까 제 취미는 노래 부르기와 춤 추기와 바이올린 치기 있습니다.
고등학교에서 choir 안에 노래하고 orchestra 안에 쳤습니다.
지금 orchestra 안에 치지 않지만 아직 choir 안에 노래합니다.
그리고 수요일에 chamber singers 안에 노래합니다.
Chamber singers가 choir 보다 작습니다.
아주 재미있습니다.
일요일과 월요일과 목요일에 FreeStyle 춤 연습 있습니다.
시간이 있으면 영화를 보고 책을 읽습니다.
액션 영화와 소설책을 정말 좋아합니다.
다른 취미는 음악 듣기 있습니다.
보통에 쉬고 있으면 음악을 듣습니다.
하지만 가끔 숙제를 하고 있으면 음악을 듣습니다.
 [내용: 설명의 구체성]","<set025>
<level>L2</level>
<topic>취미</topic>


저는 음악을 아주 좋습니다.
그러니까 제 취미는 노래 부르기와 춤 추기와 바이올린 치기 있습니다.
고등학교에서 choir 안에 노래하고 orchestra 안에 쳤습니다.
지금 orchestra 안에 치지 않지만 아직 choir 안에 노래합니다.
그리고 수요일에 chamber singers 안에 노래합니다.
Chamber singers가 choir 보다 작습니다.
아주 재미있습니다.
일요일과 월요일과 목요일에 FreeStyle 춤 연습 있습니다.
시간이 있으면 영화를 보고 책을 읽습니다.
액션 영화와 소설책을 정말 좋아합니다.
다른 취미는 음악 듣기 있습니다.
보통에 쉬고 있으면 음악을 듣습니다.
하지만 가끔 숙제를 하고 있으면 음악을 듣습니다.
 [내용: 사고의 창의성]"
"2024/11/03 2:11:34 AM MST","annotator1","2","2","2","1","0","2","2","2","1","1","1","1","1","1","0","0","1","1","0","0","1","1","1","1","0","1","1","1","1","1","1","1","0","1","0","0","1","1","0","0","1","0","1","1","0","1","1","1","1","1","2","1","2","1","0","1","1","2","1","1","1","1","1","0","0","0","1","0","0","0","1","1","1","0","0","0","1","1","1","0","2","1","1","2","0","1","2","2","1","1","1","0","0","1","0","0","1","1","0","0","1","0","0","0","0","0","1","1","1","0","1","1","1","1","0","0","1","1","1","1","2","1","1","0","0","0","1","0","1","0","1","0","1","1","0","0","1","1","0","1","1","1","1","1","0","0","1","1","1","0","1","1","1","1","0","1","1","1","1","1","1","0","1","0","0","1","1","1","0","0","1","1","1","1","0","1","2","2","2","1","1","1","1","1","0","1","2","1","1","0","2","2","2","2","1","2","1","2","2","1","2","1","1","2","1","1","1","2","2","1","2","1","2","2","1","2","2","2","1","2","2","2","1","1","0","1","1","2","1","0","1","2","2","1","1","1","1","2","2","1","2","1","1","2","1","1","2","2","2","1"
"2025/04/04 3:13:46 PM MDT","annotator2","2","2","2","2","0","2","2","2","1","1","1","1","1","1","0","0","1","1","1","0","1","1","1","1","0","1","1","1","1","1","1","1","1","1","0","0","1","1","0","0","1","1","1","1","0","1","1","1","1","1","2","2","2","1","0","1","1","2","1","1","1","1","1","0;1","0","0","1","0","0","0","1","1","1","1","1","0","1","1","1","0","2","1","1","2","1","1","2","2","1","1","1","0","0","1","0","0","1","1","0","0","1","1","1","1","0","0","1","1","1","0","1","1","1","1","0","0","1","1","1","1","2","1","1","1","0","0","1","1","1","0","1","1","1","1","0","0","1","1","0","1","1","1","1","1","0","0","1","1","1","1","1","1","1","1","0","1","1","1","1","1","1","1","1","0","0","1","1","1","0","0","1","1","1","1","0","1","2","2","2","1","1","1","1","1","0","1","2","0","1","1","2","2","2","1","2","1","2","2","2","1","2","1","1","2","1","1","1","2","2","1","2","1","2","2","1","2","2","2","1","2","2","2","1","1","1","1","1","2","1","1","1","2","2","1","1","1","1","2","2","1","2","1","2","2","1","1","2","2","2","1"
